# title	file
首页	Main_Page.wiki
Human Infra:关于	Human_Infra_About.wiki
Human Infra:内容方针	Human_Infra_Content_policy.wiki
Human Infra:版权	Human_Infra_Copyright.wiki
Help:词条录入标准	Help_Entry_standard.wiki
Template:研究域	Template_Research_domain.wiki
Form:研究域	Form_Research_domain.wiki
Category:研究域	Category_Research_domain.wiki
Template:技术节点	Template_Technology_node.wiki
Form:技术节点	Form_Technology_node.wiki
Category:技术节点	Category_Technology_node.wiki
Template:证据来源	Template_Evidence_source.wiki
Form:证据来源	Form_Evidence_source.wiki
Category:证据来源	Category_Evidence_source.wiki
Category:专题	Category_Topic.wiki
Category:科幻作品参照	Category_Fiction_reference.wiki
Category:C1研究域	Category_C1_domains.wiki
Category:C2研究域	Category_C2_domains.wiki
Category:C3研究域	Category_C3_domains.wiki
Category:C4研究域	Category_C4_domains.wiki
Category:C5研究域	Category_C5_domains.wiki
Category:C6研究域	Category_C6_domains.wiki
研究域全景索引	Topic_Domain_Atlas.wiki
永生与主体持续性专题	Topic_Immortality.wiki
科幻作品中的永生与增强	SciFi_Continuity.wiki
衰老机制与长寿干预专题	Topic_Aging_Interventions.wiki
身体功效替代与最小充分身体专题	Topic_Body_Substitution.wiki
脑、记忆与主体连续性专题	Topic_Brain_Memory_Continuity.wiki
人体增强与扩展心智专题	Topic_Human_Augmentation.wiki
未来等待与生物停滞专题	Topic_Future_Waiting.wiki
AI自动化科学与技术加速专题	Topic_AI_Science_Acceleration.wiki
治理、风险与公平专题	Topic_Governance_Risk_Equity.wiki
有效永生与主体持续性	Domain_Effective_Immortality.wiki
长寿科学	Domain_Longevity_Science.wiki
细胞重编程	Domain_Cellular_Reprogramming.wiki
脑保存与主体连续性	Domain_Brain_Continuity.wiki
记忆编辑	Domain_Memory_Editing.wiki
人体增强与脑机接口	Domain_Human_Augmentation.wiki
未来等待	Domain_Future_Waiting.wiki
人体数字孪生	Domain_Human_Digital_Twin.wiki
生物计算与活性算力	Domain_Biological_Computing.wiki
技术奇点与自动化科研	Domain_Singularity_Automated_Science.wiki
基因组稳定性与DNA修复	Domain_Genomic_Stability.wiki
端粒维护	Domain_Telomere_Maintenance.wiki
蛋白稳态与自噬	Domain_Proteostasis_Autophagy.wiki
线粒体生物能量	Domain_Mitochondrial_Bioenergetics.wiki
干细胞储备与组织更新	Domain_Stem_Cell_Reserve.wiki
免疫系统维护	Domain_Immune_Maintenance.wiki
癌症控制	Domain_Cancer_Control.wiki
心血管韧性	Domain_Cardiovascular_Resilience.wiki
再生医学	Domain_Regenerative_Medicine.wiki
类器官与器官芯片	Domain_Organoids_Organ_Chip.wiki
异种移植与生物工程器官	Domain_Xenotransplantation.wiki
身体功效替代与最小充分身体	Domain_Minimal_Sufficient_Body.wiki
认知增强	Domain_Cognitive_Augmentation.wiki
生存分析与健康寿命风险建模	Domain_Survival_Healthspan_Modeling.wiki
神经技术治理	Domain_Neurotechnology_Governance.wiki
科研基础设施与开放科学转化	Domain_Research_Infrastructure.wiki
资源与社会基础设施	Domain_Resource_Social_Infrastructure.wiki
风险工程	Domain_Risk_Engineering.wiki
神经连续性	Domain_Neuro_Continuity.wiki
生物停滞与低温保存	Domain_Biostasis_Cryopreservation.wiki
生物年龄时钟	Tech_Biological_Age_Clocks.wiki
衰老细胞清除	Tech_Senolytics.wiki
部分细胞重编程	Tech_Partial_Reprogramming.wiki
再生医学与器官替代	Tech_Regenerative_Organ_Replacement.wiki
人工胰腺闭环	Tech_Artificial_Pancreas.wiki
全器官玻璃化与纳米复温	Tech_Organ_Vitrification_Nanowarming.wiki
人体冷冻保存	Tech_Human_Cryopreservation.wiki
脑机接口	Tech_Brain_Computer_Interface.wiki
记忆神经假体	Tech_Memory_Prosthesis.wiki
AI 自动化科研	Tech_AI_Automated_Science.wiki
长寿逃逸速度	Tech_Longevity_Escape_Velocity.wiki
全脑仿真与心智上传	Tech_Mind_Uploading.wiki
度规红移递归等待	Tech_Metric_Redshift_Waiting.wiki
基因编辑与体内基因治疗	Tech_Genome_Editing_Gene_Therapy.wiki
表观遗传编辑	Tech_Epigenome_Editing.wiki
端粒酶调控	Tech_Telomerase_Modulation.wiki
mTOR抑制与雷帕霉素研究	Tech_mTOR_Rapamycin.wiki
自噬调节	Tech_Autophagy_Modulation.wiki
干细胞与细胞疗法	Tech_Stem_Cell_Therapy.wiki
癌症免疫治疗	Tech_Cancer_Immunotherapy.wiki
多癌种早筛	Tech_Multi_Cancer_Early_Detection.wiki
AlphaFold与蛋白质结构预测	Tech_AlphaFold_Protein_Structure.wiki
AI药物发现与蛋白设计	Tech_AI_Drug_Protein_Design.wiki
自驱动实验室	Tech_Self_Driving_Laboratory.wiki
人工心脏与心室辅助装置	Tech_Artificial_Heart_VAD.wiki
体外膜肺氧合	Tech_ECMO.wiki
透析与人工肾	Tech_Dialysis_Artificial_Kidney.wiki
器官机器灌注	Tech_Organ_Machine_Perfusion.wiki
异种器官移植	Tech_Xenotransplantation.wiki
三维生物打印与组织工程	Tech_3D_Bioprinting_Tissue_Engineering.wiki
人工耳蜗与感觉神经假体	Tech_Cochlear_Sensory_Prosthesis.wiki
人工视网膜与视觉神经假体	Tech_Retinal_Visual_Prosthesis.wiki
外骨骼与运动辅助	Tech_Exoskeleton_Motor_Assistance.wiki
闭环深部脑刺激	Tech_Closed_Loop_DBS.wiki
记忆再巩固干预	Tech_Memory_Reconsolidation.wiki
脑组织化学保存	Tech_Chemical_Brain_Preservation.wiki
连接组学与高分辨脑图谱	Tech_Connectomics_Brain_Mapping.wiki
身体功效替代	Tech_Body_Function_Substitution.wiki
脑—身接口协议	Tech_Brain_Body_Interface_Protocol.wiki
类器官智能与湿件计算	Tech_Organoid_Intelligence_Wetware.wiki
急救低温与代谢抑制	Tech_Emergency_Hypothermia.wiki
器官库与长期保存	Tech_Organ_Banking.wiki
长期闭环生命支持	Tech_Long_Term_Closed_Loop_Life_Support.wiki
证据来源：WHO健康老龄化	Evidence_WHO_Healthy_Ageing.wiki
证据来源：NIA衰老科学	Evidence_NIA_Geroscience.wiki
证据来源：衰老标志2023	Evidence_Hallmarks_2023.wiki
证据来源：山中因子2006	Evidence_Yamanaka_2006.wiki
证据来源：部分重编程综述2024	Evidence_Partial_Reprogramming_2024.wiki
证据来源：FDA人工胰腺	Evidence_FDA_Artificial_Pancreas.wiki
证据来源：大鼠肾脏玻璃化与纳米复温	Evidence_Organ_Nanowarming_2023.wiki
证据来源：脑机接口伦理综述	Evidence_BCI_Ethics_2017.wiki
证据来源：人类记忆神经假体2018	Evidence_Memory_Prosthesis_2018.wiki
证据来源：AlphaFold 2021	Evidence_AlphaFold_2021.wiki
证据来源：A-Lab 2023	Evidence_ALab_2023.wiki
证据来源：人格同一性	Evidence_Personal_Identity.wiki
证据来源：奇点经典论证	Evidence_Singularity_Tradition.wiki
证据来源：FDA再生医学	Evidence_FDA_Regenerative_Medicine.wiki
证据来源：FDA CASGEVY	Evidence_FDA_CASGEVY.wiki
证据来源：表观遗传编辑综述	Evidence_Epigenome_Editing_Review.wiki
证据来源：NIA mTOR与雷帕霉素	Evidence_NIA_mTOR_Rapamycin.wiki
证据来源：NCI CAR-T细胞疗法	Evidence_NCI_CAR_T.wiki
证据来源：NCI多癌种早筛	Evidence_NCI_MCED.wiki
证据来源：FDA人工心脏与VAD	Evidence_FDA_Artificial_Heart_VAD.wiki
证据来源：ELSO ECMO概览	Evidence_ELSO_ECMO.wiki
证据来源：NIDDK透析	Evidence_NIDDK_Dialysis.wiki
证据来源：常温肾脏机器灌注试验	Evidence_Normothermic_Kidney_Perfusion.wiki
证据来源：异种移植进展2026	Evidence_Xenotransplantation_2026.wiki
证据来源：FDA人工耳蜗	Evidence_FDA_Cochlear_Implants.wiki
证据来源：人类记忆再巩固综述	Evidence_Human_Memory_Reconsolidation.wiki
证据来源：BrainEx与OrganEx	Evidence_BrainEx_OrganEx.wiki
证据来源：UNESCO神经技术伦理建议	Evidence_UNESCO_Neurotechnology_Ethics.wiki
证据来源：类器官智能研究议程	Evidence_Organoid_Intelligence_Agenda.wiki
Academic Advising Degree Progress Continuity	Domain_Auto_academic_advising_degree_progress_continuity.wiki
Access Functional Needs Emergency Registry Continuity	Domain_Auto_access_functional_needs_emergency_registry_continuity.wiki
Access To Justice Legal Aid	Domain_Auto_access_to_justice_legal_aid.wiki
Accelerating Returns Technology Convergence	Domain_Auto_accelerating_returns_technology_convergence.wiki
Acromegaly Growth Hormone Cardiometabolic Continuity	Domain_Auto_acromegaly_growth_hormone_cardiometabolic_continuity.wiki
Acute Coronary Syndrome Reperfusion Continuity	Domain_Auto_acute_coronary_syndrome_reperfusion_continuity.wiki
Acute Gastrointestinal Bleeding Endoscopy Continuity	Domain_Auto_acute_gastrointestinal_bleeding_endoscopy_continuity.wiki
Acute Heart Failure Decompensation Continuity	Domain_Auto_acute_heart_failure_decompensation_continuity.wiki
Acute Kidney Injury Renal Replacement Continuity	Domain_Auto_acute_kidney_injury_renal_replacement_continuity.wiki
地址、居住地与邮件服务连续性	Domain_Auto_address_residency_mail_service_continuity.wiki
ADHD Executive Function Neurodevelopment Continuity	Domain_Auto_adhd_executive_function_neurodevelopment_continuity.wiki
Administrative Burden Procedural Friction	Domain_Auto_administrative_burden_procedural_friction.wiki
Adrenal Insufficiency Cortisol Stress Response Continuity	Domain_Auto_adrenal_insufficiency_cortisol_stress_response_continuity.wiki
Adult Day Services Supervision Transport Continuity	Domain_Auto_adult_day_services_supervision_transport_continuity.wiki
Advance Care Planning Medical Decision Continuity	Domain_Auto_advance_care_planning_medical_decision_continuity.wiki
Advanced Nuclear Energy Safety Generation Continuity	Domain_Auto_advanced_nuclear_energy_safety_generation_continuity.wiki
After Hours Urgent Care Triage Continuity	Domain_Auto_after_hours_urgent_care_triage_continuity.wiki
Afterschool Snack Supper Meal Continuity	Domain_Auto_afterschool_snack_supper_meal_continuity.wiki
Age Related Hearing Loss Hearing Aid Continuity	Domain_Auto_age_related_hearing_loss_hearing_aid_continuity.wiki
Age Related Macular Degeneration Central Vision Continuity	Domain_Auto_age_related_macular_degeneration_central_vision_continuity.wiki
Agricultural Production Food System Resilience	Domain_Auto_agricultural_production_food_system_resilience.wiki
AI Agency Safety	Domain_Auto_ai_agency_safety.wiki
AI Agent Tool Permission Sandbox Continuity	Domain_Auto_ai_agent_tool_permission_sandbox_continuity.wiki
AI Data Provenance Contamination Drift Continuity	Domain_Auto_ai_data_provenance_contamination_drift_continuity.wiki
AI Drug Discovery Protein Design	Domain_Auto_ai_drug_discovery_protein_design.wiki
AI Evaluation Benchmark Validity Continuity	Domain_Auto_ai_evaluation_benchmark_validity_continuity.wiki
AI Hardware Accelerator Performance Continuity	Domain_Auto_ai_hardware_accelerator_performance_continuity.wiki
AI Impersonation Deepfake Fraud Continuity	Domain_Auto_ai_impersonation_deepfake_fraud_continuity.wiki
AI Incident Reporting Post Deployment Monitoring Continuity	Domain_Auto_ai_incident_reporting_post_deployment_monitoring_continuity.wiki
AI Model Supply Chain Provenance Release Continuity	Domain_Auto_ai_model_supply_chain_provenance_release_continuity.wiki
AI Red Teaming Adversarial Testing Continuity	Domain_Auto_ai_red_teaming_adversarial_testing_continuity.wiki
AI Resource Cost Latency Budget Continuity	Domain_Auto_ai_resource_cost_latency_budget_continuity.wiki
AI Training Data Rights Opt-Out Provenance Continuity	Domain_Auto_ai_training_data_rights_opt_out_provenance_continuity.wiki
航空旅客权利、中断与退款连续性	Domain_Auto_air_passenger_rights_disruption_refund_continuity.wiki
Air Quality Ventilation Exposure Control	Domain_Auto_air_quality_ventilation_exposure_control.wiki
Alcohol Use Risk Reduction Continuity	Domain_Auto_alcohol_use_risk_reduction_continuity.wiki
Alert Fatigue Interruption Signal Management Continuity	Domain_Auto_alert_fatigue_interruption_signal_management_continuity.wiki
Allergic Atopic Disease Immunologic Burden Continuity	Domain_Auto_allergic_atopic_disease_immunologic_burden_continuity.wiki
Ambulatory Procedure Surgery Center Continuity	Domain_Auto_ambulatory_procedure_surgery_center_continuity.wiki
Amyotrophic Lateral Sclerosis Motor Neuron Continuity	Domain_Auto_amyotrophic_lateral_sclerosis_motor_neuron_continuity.wiki
Anaphylaxis Allergic Emergency Continuity	Domain_Auto_anaphylaxis_allergic_emergency_continuity.wiki
Animal Health Zoonotic Interface One Health	Domain_Auto_animal_health_zoonotic_interface_one_health.wiki
Animal Shelter Rescue Rehoming Continuity	Domain_Auto_animal_shelter_rescue_rehoming_continuity.wiki
Animal Welfare Cruelty Reporting Continuity	Domain_Auto_animal_welfare_cruelty_reporting_continuity.wiki
Anti Corruption Public Integrity Accountability	Domain_Auto_anti_corruption_public_integrity_accountability.wiki
Antimicrobial Resilience	Domain_Auto_antimicrobial_resilience.wiki
Anxiety Stress Threat Regulation Continuity	Domain_Auto_anxiety_stress_threat_regulation_continuity.wiki
Aphasia Language Access Recovery Continuity	Domain_Auto_aphasia_language_access_recovery_continuity.wiki
API Platform Dependency Runtime Continuity	Domain_Auto_api_platform_dependency_runtime_continuity.wiki
Appointment Availability Wait Time Continuity	Domain_Auto_appointment_availability_wait_time_continuity.wiki
Apprenticeship Work Based Learning Continuity	Domain_Auto_apprenticeship_work_based_learning_continuity.wiki
Apraxia Of Speech Motor Planning Continuity	Domain_Auto_apraxia_of_speech_motor_planning_continuity.wiki
Armed Conflict Civilian Protection IHL	Domain_Auto_armed_conflict_civilian_protection_ihl.wiki
ART Clinic Success Rate Quality Reporting Continuity	Domain_Auto_art_clinic_success_rate_quality_reporting_continuity.wiki
Arts Creative Expression Participation Continuity	Domain_Auto_arts_creative_expression_participation_continuity.wiki
Aspiration Pneumonia Airway Protection Continuity	Domain_Auto_aspiration_pneumonia_airway_protection_continuity.wiki
Assisted Reproductive Technology IVF Cycle Continuity	Domain_Auto_assisted_reproductive_technology_ivf_cycle_continuity.wiki
Assistive Technology Access	Domain_Auto_assistive_technology_access.wiki
Asthma COPD Exacerbation Airway Continuity	Domain_Auto_asthma_copd_exacerbation_airway_continuity.wiki
Asthma COPD Maintenance Control Continuity	Domain_Auto_asthma_copd_maintenance_control_continuity.wiki
Asylum Refugee Protection Status Continuity	Domain_Auto_asylum_refugee_protection_status_continuity.wiki
Attention Executive Control	Domain_Auto_attention_executive_control.wiki
ATV Off Highway Vehicle Injury Prevention Continuity	Domain_Auto_atv_off_highway_vehicle_injury_prevention_continuity.wiki
Auditory Processing Listening Effort Continuity	Domain_Auto_auditory_processing_listening_effort_continuity.wiki
Augmentative Alternative Communication AAC Continuity	Domain_Auto_augmentative_alternative_communication_aac_continuity.wiki
Autism Neurodiversity Support Continuity	Domain_Auto_autism_neurodiversity_support_continuity.wiki
汽车保险、责任碰撞与理赔连续性	Domain_Auto_auto_insurance_liability_collision_claims_continuity.wiki
车贷、租赁、服务与收车连续性	Domain_Auto_auto_loan_lease_servicing_repossession_continuity.wiki
Autoimmune Rheumatic Disease Inflammatory Burden Continuity	Domain_Auto_autoimmune_rheumatic_disease_inflammatory_burden_continuity.wiki
Automation Bias Mode Confusion Oversight Continuity	Domain_Auto_automation_bias_mode_confusion_oversight_continuity.wiki
Autonomic Nervous System Homeostasis	Domain_Auto_autonomic_nervous_system_homeostasis.wiki
航空安检、身份核验与筛查连续性	Domain_Auto_aviation_security_screening_identity_continuity.wiki
Background Check Record Screening Continuity	Domain_Auto_background_check_record_screening_continuity.wiki
Backup Power Battery Generator Safety Continuity	Domain_Auto_backup_power_battery_generator_safety_continuity.wiki
行李与旅行个人物品连续性	Domain_Auto_baggage_personal_property_travel_continuity.wiki
银行账户、存款保险与账户访问连续性	Domain_Auto_banking_deposit_account_access_continuity.wiki
Basement Flooding Sump Pump Moisture Recovery Continuity	Domain_Auto_basement_flooding_sump_pump_moisture_recovery_continuity.wiki
Bathroom Bathing Toileting Transfer Fall Safety Continuity	Domain_Auto_bathroom_bathing_toileting_transfer_fall_safety_continuity.wiki
Battery Thermal Runaway Fire Hazard Continuity	Domain_Auto_battery_thermal_runaway_fire_hazard_continuity.wiki
Bed Bug Infestation Sleep Housing Continuity	Domain_Auto_bed_bug_infestation_sleep_housing_continuity.wiki
Bedroom Bed Transfer Entrapment Safety Continuity	Domain_Auto_bedroom_bed_transfer_entrapment_safety_continuity.wiki
Benign Prostatic Hyperplasia and LUTS Continuity	Domain_Auto_benign_prostatic_hyperplasia_luts_continuity.wiki
Bereavement Leave Grief Support Continuity	Domain_Auto_bereavement_leave_grief_support_continuity.wiki
Bicycle Helmet Wheeled Sports Head Injury Prevention Continuity	Domain_Auto_bicycle_helmet_wheeled_sports_head_injury_prevention_continuity.wiki
Bilateral Vestibular Hypofunction Gaze Gait Stability Continuity	Domain_Auto_bilateral_vestibular_hypofunction_gaze_gait_stability_continuity.wiki
Biobanking Biospecimen Quality Chain Of Custody	Domain_Auto_biobanking_biospecimen_quality_chain_of_custody.wiki
Biodiversity Ecosystem Services Resilience	Domain_Auto_biodiversity_ecosystem_services_resilience.wiki
Biological Age Clocks Biomarker Validation	Domain_Auto_biological_age_clocks_biomarker_validation.wiki
Biometric Identifier Template Governance Continuity	Domain_Auto_biometric_identifier_template_governance_continuity.wiki
Biomolecular Condensates Phase Separation Stress Adaptation Continuity	Domain_Auto_biomolecular_condensates_phase_separation_stress_adaptation_continuity.wiki
Bipolar Mood Episode Stability Continuity	Domain_Auto_bipolar_mood_episode_stability_continuity.wiki
Blood Organ Tissue Biovigilance Transplantation	Domain_Auto_blood_organ_tissue_biovigilance_transplantation.wiki
Blood Oxygen Hemostasis	Domain_Auto_blood_oxygen_hemostasis.wiki
Bloodborne Pathogens Sharps Injury Worker Continuity	Domain_Auto_bloodborne_pathogens_sharps_injury_worker_continuity.wiki
Boating Life Jacket Watercraft Safety Continuity	Domain_Auto_boating_life_jacket_watercraft_safety_continuity.wiki
Border Community Cross Border Care Continuity	Domain_Auto_border_community_cross_border_care_continuity.wiki
BPPV Positional Vertigo Continuity	Domain_Auto_bppv_positional_vertigo_continuity.wiki
Breast Cancer Screening Treatment Survivorship Continuity	Domain_Auto_breast_cancer_screening_treatment_survivorship_continuity.wiki
Building Fire Life Safety Codes	Domain_Auto_building_fire_life_safety_codes.wiki
Built Environment Accessibility Universal Design	Domain_Auto_built_environment_accessibility_universal_design.wiki
Burn Injury Critical Care Rehabilitation Continuity	Domain_Auto_burn_injury_critical_care_rehabilitation_continuity.wiki
Burn Wound Aftercare, Scar and Function Continuity	Domain_Auto_burn_wound_aftercare_scar_function_continuity.wiki
先买后付、分期融资与平台授信连续性	Domain_Auto_buy_now_pay_later_installment_financing_continuity.wiki
CACFP Child And Adult Care Food Program Continuity	Domain_Auto_cacfp_child_adult_care_food_program_continuity.wiki
Calendar Scheduling Appointment Continuity	Domain_Auto_calendar_scheduling_appointment_continuity.wiki
Caloric Restriction Fasting Energy Balance Governance Continuity	Domain_Auto_caloric_restriction_fasting_energy_balance_governance_continuity.wiki
Campus Basic Needs Student Support Continuity	Domain_Auto_campus_basic_needs_student_support_continuity.wiki
Campus Disability Accommodations Accessibility Continuity	Domain_Auto_campus_disability_accommodations_accessibility_continuity.wiki
Campus Mental Health Crisis Student Support Continuity	Domain_Auto_campus_mental_health_crisis_student_support_continuity.wiki
Campus Safety Title IX Clery Continuity	Domain_Auto_campus_safety_title_ix_clery_continuity.wiki
Cancer Screening Early Detection Continuity	Domain_Auto_cancer_screening_early_detection_continuity.wiki
Cancer Survivorship Late Effects Continuity	Domain_Auto_cancer_survivorship_late_effects_continuity.wiki
Captions Relay Service Communication Access Continuity	Domain_Auto_captions_relay_service_communication_access_continuity.wiki
Carbon Monoxide Alarm Combustion Appliance Safety Continuity	Domain_Auto_carbon_monoxide_alarm_combustion_appliance_safety_continuity.wiki
Cardiac Arrest CPR Defibrillation Continuity	Domain_Auto_cardiac_arrest_cpr_defibrillation_continuity.wiki
Cardiac Arrhythmia Syncope Decompensation Continuity	Domain_Auto_cardiac_arrhythmia_syncope_decompensation_continuity.wiki
Cardiorespiratory Fitness VO2max Aerobic Capacity Continuity	Domain_Auto_cardiorespiratory_fitness_vo2max_aerobic_capacity_continuity.wiki
Care Transitions Discharge Continuity	Domain_Auto_care_transitions_discharge_continuity.wiki
Caregiver Health Burnout Screening Support Continuity	Domain_Auto_caregiver_health_burnout_screening_support_continuity.wiki
Caregiver Training Skills Safety Continuity	Domain_Auto_caregiver_training_skills_safety_continuity.wiki
Caregiving Long Term Care	Domain_Auto_caregiving_long_term_care.wiki
Cataract Vision Restoration Continuity	Domain_Auto_cataract_vision_restoration_continuity.wiki
巨灾风暴野火地震保险与保障缺口连续性	Domain_Auto_catastrophe_wind_wildfire_earthquake_insurance_continuity.wiki
Catheter-Associated UTI and Device Infection Continuity	Domain_Auto_catheter_associated_uti_device_infection_continuity.wiki
Causal Inference Target Trial Emulation	Domain_Auto_causal_inference_target_trial_emulation.wiki
Cellular Senescence Clearance	Domain_Auto_cellular_senescence_clearance.wiki
Cemetery Memorial Remains Location Continuity	Domain_Auto_cemetery_memorial_remains_location_continuity.wiki
Cerebrovascular Stroke Brain Perfusion Resilience	Domain_Auto_cerebrovascular_stroke_brain_perfusion_resilience.wiki
Cervical Cancer HPV Prevention Screening Continuity	Domain_Auto_cervical_cancer_hpv_prevention_screening_continuity.wiki
Charity Care Financial Assistance Medical Debt Continuity	Domain_Auto_charity_care_financial_assistance_medical_debt_continuity.wiki
Chemical Release Shelter Evacuation Continuity	Domain_Auto_chemical_release_shelter_evacuation_continuity.wiki
Chemical Safety Poison Control Toxicology	Domain_Auto_chemical_safety_poison_control_toxicology.wiki
Child Care Availability Affordability Continuity	Domain_Auto_child_care_availability_affordability_continuity.wiki
Child Care Licensing Health Safety Continuity	Domain_Auto_child_care_licensing_health_safety_continuity.wiki
Child Care Subsidy CCDF Payment Continuity	Domain_Auto_child_care_subsidy_ccdf_payment_continuity.wiki
Child Passenger Safety Car Seat Restraint Continuity	Domain_Auto_child_passenger_safety_car_seat_restraint_continuity.wiki
Child Protection Family Safety	Domain_Auto_child_protection_family_safety.wiki
Child Stealth Advertising Influencer Marketing Continuity	Domain_Auto_child_stealth_advertising_influencer_marketing_continuity.wiki
Childcare Family Continuity	Domain_Auto_childcare_family_continuity.wiki
Childhood Cancer Treatment Survivorship Continuity	Domain_Auto_childhood_cancer_treatment_survivorship_continuity.wiki
Childhood Immunization Schedule Record Continuity	Domain_Auto_childhood_immunization_schedule_record_continuity.wiki
Children Teen Data Privacy Consent Continuity	Domain_Auto_children_teen_data_privacy_consent_continuity.wiki
Children Youth Special Health Care Needs Care Coordination Continuity	Domain_Auto_children_youth_special_health_care_needs_care_coordination_continuity.wiki
Chip Design EDA Verification IP Continuity	Domain_Auto_chip_design_eda_verification_ip_continuity.wiki
Choking Foreign Body Airway Risk Continuity	Domain_Auto_choking_foreign_body_airway_risk_continuity.wiki
Chronic Condition Emergency Action Plan Continuity	Domain_Auto_chronic_condition_emergency_action_plan_continuity.wiki
Chronic Infectious Disease Care Continuity	Domain_Auto_chronic_infectious_disease_care_continuity.wiki
Chronic Insomnia CBTI Access Continuity	Domain_Auto_chronic_insomnia_cbti_access_continuity.wiki
Chronic Kidney Disease Screening Progression Continuity	Domain_Auto_chronic_kidney_disease_screening_progression_continuity.wiki
Chronic Liver Disease MASLD MASH Continuity	Domain_Auto_chronic_liver_disease_masld_mash_continuity.wiki
Chronic Pain Functional Restoration Continuity	Domain_Auto_chronic_pain_functional_restoration_continuity.wiki
Chronic Viral Hepatitis Screening Liver Protection Continuity	Domain_Auto_chronic_viral_hepatitis_screening_liver_protection_continuity.wiki
Chronic Wound, Venous, Diabetic and Pressure Ulcer Continuity	Domain_Auto_chronic_wound_venous_diabetic_pressure_ulcer_continuity.wiki
Circadian Rhythm Sleep Wake Disorder Continuity	Domain_Auto_circadian_rhythm_sleep_wake_disorder_continuity.wiki
Citation Network Claim Propagation Continuity	Domain_Auto_citation_network_claim_propagation_continuity.wiki
Citizenship Nationality Statelessness Continuity	Domain_Auto_citizenship_nationality_statelessness_continuity.wiki
Civic Data Open Government Transparency	Domain_Auto_civic_data_open_government_transparency.wiki
Civic Participation Election Access	Domain_Auto_civic_participation_election_access.wiki
Civil Commitment Involuntary Treatment Rights Continuity	Domain_Auto_civil_commitment_involuntary_treatment_rights_continuity.wiki
Claims Adjudication EOB Denial Continuity	Domain_Auto_claims_adjudication_eob_denial_continuity.wiki
Clinical Laboratory Diagnostic Quality	Domain_Auto_clinical_laboratory_diagnostic_quality.wiki
Clinical Results Notification Followup Continuity	Domain_Auto_clinical_results_notification_followup_continuity.wiki
Clinical Trials Regulatory Science Translation	Domain_Auto_clinical_trials_regulatory_science_translation.wiki
Clonal Hematopoiesis CHIP Inflammatory Risk Continuity	Domain_Auto_clonal_hematopoiesis_chip_inflammatory_risk_continuity.wiki
Cloud Backup File Sync Data Portability Continuity	Domain_Auto_cloud_backup_file_sync_data_portability_continuity.wiki
Cloud Service Exit Interoperability Continuity	Domain_Auto_cloud_service_exit_interoperability_continuity.wiki
Coastal Flooding Erosion Inundation Continuity	Domain_Auto_coastal_flooding_erosion_inundation_continuity.wiki
Coastal Marine Resilience Blue Economy Continuity	Domain_Auto_coastal_marine_resilience_blue_economy_continuity.wiki
Cochlear Implant Communication Continuity	Domain_Auto_cochlear_implant_communication_continuity.wiki
Cognitive Communication Disorder Executive Language Continuity	Domain_Auto_cognitive_communication_disorder_executive_language_continuity.wiki
Cognitive Load Workload Measurement Continuity	Domain_Auto_cognitive_load_workload_measurement_continuity.wiki
Collaborative Document Permission Version Continuity	Domain_Auto_collaborative_document_permission_version_continuity.wiki
Colorectal Cancer Screening Treatment Continuity	Domain_Auto_colorectal_cancer_screening_treatment_continuity.wiki
Commercial Surveillance Adtech Profile Continuity	Domain_Auto_commercial_surveillance_adtech_profile_continuity.wiki
Community Health Workers Peer Support	Domain_Auto_community_health_workers_peer_support.wiki
Community Mediation Neighbor Conflict Resolution Continuity	Domain_Auto_community_mediation_neighbor_conflict_resolution_continuity.wiki
Community Resilience Hub Shelter Center Continuity	Domain_Auto_community_resilience_hub_shelter_center_continuity.wiki
Community Resource Navigation	Domain_Auto_community_resource_navigation.wiki
Community Right To Know Chemical Risk Disclosure Continuity	Domain_Auto_community_right_to_know_chemical_risk_disclosure_continuity.wiki
Community Testing Screening Access Continuity	Domain_Auto_community_testing_screening_access_continuity.wiki
Compression Garment Lymphedema Venous Continuity	Domain_Auto_compression_garment_lymphedema_venous_continuity.wiki
Compute Data Center AI Infrastructure	Domain_Auto_compute_data_center_ai_infrastructure.wiki
Confined Space Entry Atmospheric Hazard Continuity	Domain_Auto_confined_space_entry_atmospheric_hazard_continuity.wiki
Conflict of Interest, Funding and Disclosure Continuity	Domain_Auto_conflict_of_interest_funding_disclosure_continuity.wiki
消费贷款发放、APR 披露与还款义务连续性	Domain_Auto_consumer_loan_origination_apr_disclosure_continuity.wiki
消费者退货、退款与争议解决连续性	Domain_Auto_consumer_return_refund_dispute_resolution_continuity.wiki
消费者评价、背书与市场信任连续性	Domain_Auto_consumer_reviews_endorsements_marketplace_trust_continuity.wiki
消费品保修、服务合同与维修连续性	Domain_Auto_consumer_warranty_service_contract_repair_continuity.wiki
Contact Lens Hygiene Eye Infection Continuity	Domain_Auto_contact_lens_hygiene_eye_infection_continuity.wiki
Content Provenance Authenticity Credential Continuity	Domain_Auto_content_provenance_authenticity_credential_continuity.wiki
Continuing Education Recertification Continuity	Domain_Auto_continuing_education_recertification_continuity.wiki
Continuity Of Government Public Administration Resilience	Domain_Auto_continuity_of_government_public_administration_resilience.wiki
Contraception Family Planning Access Continuity	Domain_Auto_contraception_family_planning_access_continuity.wiki
合同、订阅、账单与持续同意连续性	Domain_Auto_contract_subscription_billing_consent_continuity.wiki
Contributor Role, Authorship and Attribution Continuity	Domain_Auto_contributor_role_authorship_attribution_continuity.wiki
Cooking Meal Preparation Kitchen Safety Continuity	Domain_Auto_cooking_meal_preparation_kitchen_safety_continuity.wiki
Cooking Ventilation Range Hood Indoor Air Continuity	Domain_Auto_cooking_ventilation_range_hood_indoor_air_continuity.wiki
Copyright Authorship Registration Licensing Continuity	Domain_Auto_copyright_authorship_registration_licensing_continuity.wiki
Correctional Health Reentry Continuity	Domain_Auto_correctional_health_reentry_continuity.wiki
Court Disability Accommodation and Accessibility Continuity	Domain_Auto_court_disability_accommodation_accessibility_continuity.wiki
Court E-Filing and Document Submission Continuity	Domain_Auto_court_efiling_document_submission_continuity.wiki
Court Fees, Fines, and Ability-to-Pay Continuity	Domain_Auto_court_fees_fines_ability_to_pay_continuity.wiki
Court Language Access and Interpreter Continuity	Domain_Auto_court_language_access_interpreter_continuity.wiki
Court Notice Service Process Default Judgment Continuity	Domain_Auto_court_notice_service_process_default_judgment_continuity.wiki
CPAP PAP Device Mask Supply Power Continuity	Domain_Auto_cpap_pap_device_mask_supply_power_continuity.wiki
Crane Derrick Hoist Rigging Suspended Load Continuity	Domain_Auto_crane_derrick_hoist_rigging_suspended_load_continuity.wiki
Creative Commons Open Content License Continuity	Domain_Auto_creative_commons_open_content_license_continuity.wiki
Creator Royalty Rights Metadata Continuity	Domain_Auto_creator_royalty_rights_metadata_continuity.wiki
信用卡循环信用、成本与还款连续性	Domain_Auto_credit_card_revolving_credit_cost_continuity.wiki
Credit Consumer Reporting Access Continuity	Domain_Auto_credit_consumer_reporting_access_continuity.wiki
crime-victim-compensation-restitution-continuity	Domain_Auto_crime_victim_compensation_restitution_continuity.wiki
Criminal Record Relief Collateral Consequences Continuity	Domain_Auto_criminal_record_relief_collateral_consequences_continuity.wiki
Critical Infrastructure Lifeline Interdependency Resilience	Domain_Auto_critical_infrastructure_lifeline_interdependency_resilience.wiki
Critical Minerals Materials Resilience	Domain_Auto_critical_minerals_materials_resilience.wiki
Cultural Heritage Identity Continuity	Domain_Auto_cultural_heritage_identity_continuity.wiki
Cushing Syndrome Hypercortisolism Metabolic Bone Continuity	Domain_Auto_cushing_syndrome_hypercortisolism_metabolic_bone_continuity.wiki
海关、边境入境与申报连续性	Domain_Auto_customs_border_entry_declaration_continuity.wiki
Cyberbullying Online Harassment Reporting Continuity	Domain_Auto_cyberbullying_online_harassment_reporting_continuity.wiki
Cybersecurity Resilience Critical Services	Domain_Auto_cybersecurity_resilience_critical_services.wiki
Cytoskeleton Mechanotransduction Cellular Mechanics Continuity	Domain_Auto_cytoskeleton_mechanotransduction_cellular_mechanics_continuity.wiki
Dams Levees Flood Control Infrastructure Safety	Domain_Auto_dams_levees_flood_control_infrastructure_safety.wiki
Data Breach Notification Identity Recovery Continuity	Domain_Auto_data_breach_notification_identity_recovery_continuity.wiki
Data Broker Registry Opt-Out Deletion Continuity	Domain_Auto_data_broker_registry_opt_out_deletion_continuity.wiki
Data Center Cooling Water Thermal Continuity	Domain_Auto_data_center_cooling_water_thermal_continuity.wiki
Data Quality Missingness Representativeness	Domain_Auto_data_quality_missingness_representativeness.wiki
Death Certificate Registration Cause Of Death Record Continuity	Domain_Auto_death_certificate_registration_cause_of_death_record_continuity.wiki
债务义务、催收与债务救济连续性	Domain_Auto_debt_obligation_collection_relief_continuity.wiki
Decontamination Exposure Triage Continuity	Domain_Auto_decontamination_exposure_triage_continuity.wiki
Delirium Acute Cognitive Failure Prevention	Domain_Auto_delirium_acute_cognitive_failure_prevention.wiki
Dementia Cognitive Decline Care Continuity	Domain_Auto_dementia_cognitive_decline_care_continuity.wiki
Demolition Structural Collapse Debris Continuity	Domain_Auto_demolition_structural_collapse_debris_continuity.wiki
Dental Care Access Insurance Workforce Continuity	Domain_Auto_dental_care_access_insurance_workforce_continuity.wiki
Dental Caries Prevention Restoration Continuity	Domain_Auto_dental_caries_prevention_restoration_continuity.wiki
Dental Pain Emergency Infection Continuity	Domain_Auto_dental_pain_emergency_infection_continuity.wiki
Depression Mood Disorder Functioning Continuity	Domain_Auto_depression_mood_disorder_functioning_continuity.wiki
Detention Custody Confinement Status Continuity	Domain_Auto_detention_custody_confinement_status_continuity.wiki
Developmental Behavioral Screening Referral Continuity	Domain_Auto_developmental_behavioral_screening_referral_continuity.wiki
Developmental Language Disorder Child Communication Continuity	Domain_Auto_developmental_language_disorder_child_communication_continuity.wiki
Diabetes Insulin Glucose Monitoring Supplies Continuity	Domain_Auto_diabetes_insulin_glucose_monitoring_supplies_continuity.wiki
Diabetic Foot Ulcer and Amputation Prevention Continuity	Domain_Auto_diabetic_foot_ulcer_amputation_prevention_continuity.wiki
Diabetic Hyperglycemic Hypoglycemic Crisis Continuity	Domain_Auto_diabetic_hyperglycemic_hypoglycemic_crisis_continuity.wiki
Diabetic Retinopathy Screening Treatment Continuity	Domain_Auto_diabetic_retinopathy_screening_treatment_continuity.wiki
Diabetic Therapeutic Footwear Offloading Continuity	Domain_Auto_diabetic_therapeutic_footwear_offloading_continuity.wiki
Diagnostic Imaging Order Scheduling Report Continuity	Domain_Auto_diagnostic_imaging_order_scheduling_report_continuity.wiki
Dialysis Access, Vascular and Peritoneal Continuity	Domain_Auto_dialysis_access_vascular_peritoneal_continuity.wiki
Dietary Supplement Nutraceutical Evidence Safety Continuity	Domain_Auto_dietary_supplement_nutraceutical_evidence_safety_continuity.wiki
Digital Evidence Preservation Chain Of Custody Continuity	Domain_Auto_digital_evidence_preservation_chain_of_custody_continuity.wiki
Digital Identity Security	Domain_Auto_digital_identity_security.wiki
Digital Inclusion Connectivity	Domain_Auto_digital_inclusion_connectivity.wiki
Digital Legacy Data Succession	Domain_Auto_digital_legacy_data_succession.wiki
Dignity Personhood Respect Continuity	Domain_Auto_dignity_personhood_respect_continuity.wiki
Disability Access Functional Needs Personal Preparedness Continuity	Domain_Auto_disability_access_functional_needs_personal_preparedness_continuity.wiki
残障收入保险与理赔连续性	Domain_Auto_disability_income_insurance_claim_continuity.wiki
残障收入、工作能力与福利连续性	Domain_Auto_disability_income_work_capacity_benefit_continuity.wiki
Disability Services Independent Living	Domain_Auto_disability_services_independent_living.wiki
Disaster Behavioral Health Distress Recovery Continuity	Domain_Auto_disaster_behavioral_health_distress_recovery_continuity.wiki
Disaster Case Management Long Term Recovery Continuity	Domain_Auto_disaster_case_management_long_term_recovery_continuity.wiki
Disaster Debris Waste Sanitation Cleanup Continuity	Domain_Auto_disaster_debris_waste_sanitation_cleanup_continuity.wiki
Disaster Individual Assistance Benefits Navigation Continuity	Domain_Auto_disaster_individual_assistance_benefits_navigation_continuity.wiki
Disaster Legal Aid Rights Claims Continuity	Domain_Auto_disaster_legal_aid_rights_claims_continuity.wiki
Disaster Recovery Center Service Access Continuity	Domain_Auto_disaster_recovery_center_service_access_continuity.wiki
Disaster Recovery Relief Continuity	Domain_Auto_disaster_recovery_relief_continuity.wiki
Disaster Temporary Housing Displacement Recovery Continuity	Domain_Auto_disaster_temporary_housing_displacement_recovery_continuity.wiki
Disaster Unemployment Income Disruption Continuity	Domain_Auto_disaster_unemployment_income_disruption_continuity.wiki
Disaster Volunteer Donations Management Continuity	Domain_Auto_disaster_volunteer_donations_management_continuity.wiki
Disorders Of Consciousness Coma Recovery	Domain_Auto_disorders_of_consciousness_coma_recovery.wiki
DMCA Notice Counter Notice Platform Removal Continuity	Domain_Auto_dmca_notice_counter_notice_platform_removal_continuity.wiki
Document Capture OCR PDF Record Workflow Continuity	Domain_Auto_document_capture_ocr_pdf_record_workflow_continuity.wiki
Dog Bite Community Injury Prevention Continuity	Domain_Auto_dog_bite_community_injury_prevention_continuity.wiki
Domain DNS Web Presence Continuity	Domain_Auto_domain_dns_web_presence_continuity.wiki
domestic-violence-coercive-control-safety-continuity	Domain_Auto_domestic_violence_coercive_control_safety_continuity.wiki
驾照、车辆登记与个人移动资格连续性	Domain_Auto_driver_license_vehicle_registration_continuity.wiki
Drought Water Restriction Household Health Continuity	Domain_Auto_drought_water_restriction_household_health_continuity.wiki
Drowning Water Safety Supervision Continuity	Domain_Auto_drowning_water_safety_supervision_continuity.wiki
Dry Eye Ocular Surface Comfort Continuity	Domain_Auto_dry_eye_ocular_surface_comfort_continuity.wiki
Durable Medical Equipment Supplier Repair Continuity	Domain_Auto_durable_medical_equipment_supplier_repair_continuity.wiki
Dysarthria Speech Intelligibility Continuity	Domain_Auto_dysarthria_speech_intelligibility_continuity.wiki
E Waste Battery Recycling Disposal Continuity	Domain_Auto_e_waste_battery_recycling_disposal_continuity.wiki
Early Intervention IDEA Part C Developmental Services Continuity	Domain_Auto_early_intervention_idea_part_c_developmental_services_continuity.wiki
Earthquake and Seismic Risk Built-Environment Continuity	Domain_Auto_earthquake_seismic_risk_built_environment_continuity.wiki
Eating Disorders Nutrition Body Continuity	Domain_Auto_eating_disorders_nutrition_body_continuity.wiki
ECMO Extracorporeal Life Support Continuity	Domain_Auto_ecmo_extracorporeal_life_support_continuity.wiki
Eczema, Atopic Dermatitis, Itch and Sleep Continuity	Domain_Auto_eczema_atopic_dermatitis_itch_sleep_continuity.wiki
Education Access Lifelong Learning	Domain_Auto_education_access_lifelong_learning.wiki
Education Record Transcript Verification Continuity	Domain_Auto_education_record_transcript_verification_continuity.wiki
Elder Justice Adult Protective Services	Domain_Auto_elder_justice_adult_protective_services.wiki
Electric Grid Reliability Resilience Continuity	Domain_Auto_electric_grid_reliability_resilience_continuity.wiki
Email Account Recovery Continuity	Domain_Auto_email_account_recovery_continuity.wiki
Email Domain Authentication Spoofing Continuity	Domain_Auto_email_domain_authentication_spoofing_continuity.wiki
Emergency Alerts Communications	Domain_Auto_emergency_alerts_communications.wiki
Emergency Contact Next Of Kin Notification Continuity	Domain_Auto_emergency_contact_next_of_kin_notification_continuity.wiki
Emergency Financial Document Cash Readiness Continuity	Domain_Auto_emergency_financial_document_cash_readiness_continuity.wiki
Emergency Food Disaster Feeding Continuity	Domain_Auto_emergency_food_disaster_feeding_continuity.wiki
Emergency Food Water Storage Treatment Continuity	Domain_Auto_emergency_food_water_storage_treatment_continuity.wiki
Emergency Medical Services Prehospital Care	Domain_Auto_emergency_medical_services_prehospital_care.wiki
Emergency Preparedness Response	Domain_Auto_emergency_preparedness_response.wiki
Emergency Rental Assistance Arrears Continuity	Domain_Auto_emergency_rental_assistance_arrears_continuity.wiki
Emergency Supply Kit Go Bag Rotation Continuity	Domain_Auto_emergency_supply_kit_go_bag_rotation_continuity.wiki
Employment Algorithmic Hiring Screening Continuity	Domain_Auto_employment_algorithmic_hiring_screening_continuity.wiki
Endocrine Hormonal Regulation	Domain_Auto_endocrine_hormonal_regulation.wiki
Endometriosis Pelvic Pain Fertility Continuity	Domain_Auto_endometriosis_pelvic_pain_fertility_continuity.wiki
Endoplasmic Reticulum Stress UPR Proteostasis Continuity	Domain_Auto_endoplasmic_reticulum_stress_upr_proteostasis_continuity.wiki
Energy Access Resilience	Domain_Auto_energy_access_resilience.wiki
Engineered Cell Therapy Regenerative Platforms	Domain_Auto_engineered_cell_therapy_regenerative_platforms.wiki
Enteral Feeding Tube Nutrition Continuity	Domain_Auto_enteral_feeding_tube_nutrition_continuity.wiki
Epigenetic Editing Gene Regulation Therapeutics	Domain_Auto_epigenetic_editing_gene_regulation_therapeutics.wiki
Epilepsy Seizure Network Stability	Domain_Auto_epilepsy_seizure_network_stability.wiki
Erectile Dysfunction Vascular Sexual Function Continuity	Domain_Auto_erectile_dysfunction_vascular_sexual_function_continuity.wiki
Esophageal Dysphagia Motility Obstruction Continuity	Domain_Auto_esophageal_dysphagia_motility_obstruction_continuity.wiki
Estate Inventory Asset Liability Handoff Continuity	Domain_Auto_estate_inventory_asset_liability_handoff_continuity.wiki
Evacuation Route Transportation Shelter Plan Continuity	Domain_Auto_evacuation_route_transportation_shelter_plan_continuity.wiki
Eviction Prevention Court Diversion Continuity	Domain_Auto_eviction_prevention_court_diversion_continuity.wiki
Evidence Certainty, GRADE and Summary of Findings Continuity	Domain_Auto_evidence_certainty_grade_summary_findings_continuity.wiki
Evidence-to-Decision and Guideline Panel Continuity	Domain_Auto_evidence_to_decision_guideline_panel_continuity.wiki
Extracellular Matrix Glycation	Domain_Auto_extracellular_matrix_glycation.wiki
Extracellular Vesicle SASP Intercellular Aging Continuity	Domain_Auto_extracellular_vesicle_sasp_intercellular_aging_continuity.wiki
Extreme Heat, Cooling, and Public Health Continuity	Domain_Auto_extreme_heat_cooling_public_health_continuity.wiki
Eye Injury Urgent Vision Protection Continuity	Domain_Auto_eye_injury_urgent_vision_protection_continuity.wiki
Eyeglasses Prescription Repair Replacement Continuity	Domain_Auto_eyeglasses_prescription_repair_replacement_continuity.wiki
Fair Housing Discrimination Reasonable Accommodation Continuity	Domain_Auto_fair_housing_discrimination_reasonable_accommodation_continuity.wiki
Fall Detection Emergency Response Device Continuity	Domain_Auto_fall_detection_emergency_response_device_continuity.wiki
Fall Risk Prevention Home Safety Continuity	Domain_Auto_fall_risk_prevention_home_safety_continuity.wiki
家庭照护者、喘息服务与工作连续性	Domain_Auto_family_caregiver_respite_work_continuity.wiki
Family Emergency Communication Reunification Continuity	Domain_Auto_family_emergency_communication_reunification_continuity.wiki
家庭法、监护权与子女抚养连续性	Domain_Auto_family_law_custody_child_support_continuity.wiki
家庭医疗假与岗位保护连续性	Domain_Auto_family_medical_leave_job_protection_continuity.wiki
Fatigue Risk Alertness Continuity	Domain_Auto_fatigue_risk_alertness_continuity.wiki
Feeding Assistance Mealtime Dignity Continuity	Domain_Auto_feeding_assistance_mealtime_dignity_continuity.wiki
Ferroptosis Lipid Peroxidation Membrane Resilience Continuity	Domain_Auto_ferroptosis_lipid_peroxidation_membrane_resilience_continuity.wiki
Fertility Preservation Gamete Embryo Cryostorage Continuity	Domain_Auto_fertility_preservation_gamete_embryo_cryostorage_continuity.wiki
Financial Fiduciary Power of Attorney Continuity	Domain_Auto_financial_fiduciary_power_of_attorney_continuity.wiki
Financial Inclusion Payment Systems	Domain_Auto_financial_inclusion_payment_systems.wiki
Financial Resilience Access	Domain_Auto_financial_resilience_access.wiki
Firearm Safe Storage Injury Prevention Continuity	Domain_Auto_firearm_safe_storage_injury_prevention_continuity.wiki
Fisheries Aquatic Food Systems Continuity	Domain_Auto_fisheries_aquatic_food_systems_continuity.wiki
洪水保险、NFIP 与理赔连续性	Domain_Auto_flood_insurance_nfip_claims_continuity.wiki
Fluid Electrolyte Acid Base Homeostasis	Domain_Auto_fluid_electrolyte_acid_base_homeostasis.wiki
Food Bank Pantry Community Food Distribution Continuity	Domain_Auto_food_bank_pantry_community_food_distribution_continuity.wiki
Food Pharmacy Clinic Pantry Integration Continuity	Domain_Auto_food_pharmacy_clinic_pantry_integration_continuity.wiki
Food Safety Contamination Control	Domain_Auto_food_safety_contamination_control.wiki
Food Scrap Composting Pest Odor Continuity	Domain_Auto_food_scrap_composting_pest_odor_continuity.wiki
Food Security Nutrition Access	Domain_Auto_food_security_nutrition_access.wiki
Foster Care Aging Out Independent Living Continuity	Domain_Auto_foster_care_aging_out_independent_living_continuity.wiki
Fraud Scams Consumer Protection	Domain_Auto_fraud_scams_consumer_protection.wiki
Freight Logistics Port Cold Chain Continuity	Domain_Auto_freight_logistics_port_cold_chain_continuity.wiki
Fuel EV Charging Refueling Access Continuity	Domain_Auto_fuel_ev_charging_refueling_access_continuity.wiki
Fuel Thermal Energy Service Continuity	Domain_Auto_fuel_thermal_energy_service_continuity.wiki
Functioning Quality Of Life Outcomes	Domain_Auto_functioning_quality_of_life_outcomes.wiki
Funeral Cremation Burial Disposition Continuity	Domain_Auto_funeral_cremation_burial_disposition_continuity.wiki
Furniture TV Tip Over Anchoring Child Safety Continuity	Domain_Auto_furniture_tv_tip_over_anchoring_child_safety_continuity.wiki
Gait Balance Assessment Fall Screening Continuity	Domain_Auto_gait_balance_assessment_fall_screening_continuity.wiki
Gaming Loot Box Inapp Purchase Dark Pattern Continuity	Domain_Auto_gaming_loot_box_inapp_purchase_dark_pattern_continuity.wiki
Gastrointestinal Barrier Absorption	Domain_Auto_gastrointestinal_barrier_absorption.wiki
Gene Therapy Genome Editing Delivery Safety	Domain_Auto_gene_therapy_genome_editing_delivery_safety.wiki
Geospatial Navigation Location Infrastructure	Domain_Auto_geospatial_navigation_location_infrastructure.wiki
Geriatric Long Term Care Oral Health Continuity	Domain_Auto_geriatric_long_term_care_oral_health_continuity.wiki
Geroprotective Drug Repurposing Trial Governance Continuity	Domain_Auto_geroprotective_drug_repurposing_trial_governance_continuity.wiki
礼品卡、预付卡与储值余额连续性	Domain_Auto_gift_card_prepaid_stored_value_continuity.wiki
Glaucoma Visual Field Protection Continuity	Domain_Auto_glaucoma_visual_field_protection_continuity.wiki
Golgi Secretory Trafficking Organelle Homeostasis Continuity	Domain_Auto_golgi_secretory_trafficking_organelle_homeostasis_continuity.wiki
Governance And Rights	Domain_Auto_governance_rights.wiki
Green Blue Infrastructure Urban Nature Cooling	Domain_Auto_green_blue_infrastructure_urban_nature_cooling.wiki
Grid Scale Energy Storage Flexibility Continuity	Domain_Auto_grid_scale_energy_storage_flexibility_continuity.wiki
Grocery Retail Food Store Access Continuity	Domain_Auto_grocery_retail_food_store_access_continuity.wiki
Guideline Appraisal, Adaptation and Localization Continuity	Domain_Auto_guideline_appraisal_adaptation_localization_continuity.wiki
Handoff Checklist Procedure Reliability Continuity	Domain_Auto_handoff_checklist_procedure_reliability_continuity.wiki
Harmful Algal Bloom Cyanotoxin Water Recreation Continuity	Domain_Auto_harmful_algal_bloom_cyanotoxin_water_recreation_continuity.wiki
Hazardous Energy Lockout Tagout Continuity	Domain_Auto_hazardous_energy_lockout_tagout_continuity.wiki
Hazardous Materials Transportation ERG Continuity	Domain_Auto_hazardous_materials_transportation_erg_continuity.wiki
Hazmat Incident Command Emergency Response Continuity	Domain_Auto_hazmat_incident_command_emergency_response_continuity.wiki
HAZWOPER Responder PPE Safety Continuity	Domain_Auto_hazwoper_responder_ppe_safety_continuity.wiki
Head Start Early Head Start Family Support Continuity	Domain_Auto_head_start_early_head_start_family_support_continuity.wiki
Health Data Privacy Governance	Domain_Auto_health_data_privacy_governance.wiki
Health Economics Value Assessment	Domain_Auto_health_economics_value_assessment.wiki
Health Insurance Enrollment Renewal Continuity	Domain_Auto_health_insurance_enrollment_renewal_continuity.wiki
Health Literacy Navigation	Domain_Auto_health_literacy_navigation.wiki
Health Workforce Capacity	Domain_Auto_health_workforce_capacity.wiki
Healthcare Access Continuity	Domain_Auto_healthcare_access_continuity.wiki
Healthcare Civil Rights Nondiscrimination Continuity	Domain_Auto_healthcare_civil_rights_nondiscrimination_continuity.wiki
Healthcare Disability Accommodation Accessibility Continuity	Domain_Auto_healthcare_disability_accommodation_accessibility_continuity.wiki
Healthcare Language Interpreter Effective Communication Continuity	Domain_Auto_healthcare_language_interpreter_effective_communication_continuity.wiki
Healthcare Personal Representative HIPAA Access Continuity	Domain_Auto_healthcare_personal_representative_hipaa_access_continuity.wiki
Healthcare Surge Triage Capacity Continuity	Domain_Auto_healthcare_surge_triage_capacity_continuity.wiki
Hearing Aid Maintenance Battery Access Continuity	Domain_Auto_hearing_aid_maintenance_battery_access_continuity.wiki
Hearing Assistive Devices Alerting Access Continuity	Domain_Auto_hearing_assistive_devices_alerting_access_continuity.wiki
Hearing Auditory Communication Continuity	Domain_Auto_hearing_auditory_communication_continuity.wiki
HIV Testing PrEP Prevention Continuity	Domain_Auto_hiv_testing_prep_prevention_continuity.wiki
Home Access Lock Key Entry Continuity	Domain_Auto_home_access_lock_key_entry_continuity.wiki
Home Care Aide Personal Care Workforce Continuity	Domain_Auto_home_care_aide_personal_care_workforce_continuity.wiki
Home Care Task Coordination Care Plan Continuity	Domain_Auto_home_care_task_coordination_care_plan_continuity.wiki
Home Clutter Pathway Trip Fall Continuity	Domain_Auto_home_clutter_pathway_trip_fall_continuity.wiki
Home Cooling Heat Pump Air Conditioning Maintenance Continuity	Domain_Auto_home_cooling_heat_pump_air_conditioning_maintenance_continuity.wiki
Home Delivered Meals Congregate Nutrition Services Continuity	Domain_Auto_home_delivered_meals_congregate_nutrition_services_continuity.wiki
Home Dialysis Supply and Self-Management Continuity	Domain_Auto_home_dialysis_supply_self_management_continuity.wiki
Home Health Hospice Palliative Care Continuity	Domain_Auto_home_health_hospice_palliative_care_continuity.wiki
Home Heating Equipment Chimney Vent Maintenance Continuity	Domain_Auto_home_heating_equipment_chimney_vent_maintenance_continuity.wiki
Home Humidity Dehumidifier Moisture Control Continuity	Domain_Auto_home_humidity_dehumidifier_moisture_control_continuity.wiki
Home HVAC Filter Maintenance Indoor Air Continuity	Domain_Auto_home_hvac_filter_maintenance_indoor_air_continuity.wiki
Home Lighting Nighttime Pathway Visibility Continuity	Domain_Auto_home_lighting_nighttime_pathway_visibility_continuity.wiki
Home Network Router IoT Security Continuity	Domain_Auto_home_network_router_iot_security_continuity.wiki
Home Office Workstation Ergonomics Continuity	Domain_Auto_home_office_workstation_ergonomics_continuity.wiki
Home Oxygen Respiratory Equipment Supply Continuity	Domain_Auto_home_oxygen_respiratory_equipment_supply_continuity.wiki
Home Refrigeration Food Storage Continuity	Domain_Auto_home_refrigeration_food_storage_continuity.wiki
Home Service Provider Emergency Contact Directory Continuity	Domain_Auto_home_service_provider_emergency_contact_directory_continuity.wiki
Home Sharps Medical Waste Disposal Continuity	Domain_Auto_home_sharps_medical_waste_disposal_continuity.wiki
Home Shelving Cabinet Storage Stability Continuity	Domain_Auto_home_shelving_cabinet_storage_stability_continuity.wiki
Home Utility Shutoff Location Labeling Continuity	Domain_Auto_home_utility_shutoff_location_labeling_continuity.wiki
Home Water Valve Plumbing Labeling Continuity	Domain_Auto_home_water_valve_plumbing_labeling_continuity.wiki
Homelessness Unsheltered Health Continuity	Domain_Auto_homelessness_unsheltered_health_continuity.wiki
房主租客财产保险与理赔连续性	Domain_Auto_homeowners_renters_property_insurance_claims_continuity.wiki
Hot Water Scald Burn Prevention Continuity	Domain_Auto_hot_water_scald_burn_prevention_continuity.wiki
Household Appliance Maintenance Repair Continuity	Domain_Auto_household_appliance_maintenance_repair_continuity.wiki
Household Circuit Breaker Panel Labeling Continuity	Domain_Auto_household_circuit_breaker_panel_labeling_continuity.wiki
Household Cleaning Disinfection Pest Control Continuity	Domain_Auto_household_cleaning_disinfection_pest_control_continuity.wiki
家庭组成、受扶养人与资格关系连续性	Domain_Auto_household_composition_dependent_eligibility_continuity.wiki
Household Cord Cable Trip Entanglement Continuity	Domain_Auto_household_cord_cable_trip_entanglement_continuity.wiki
Household Dust Allergen Source Control Continuity	Domain_Auto_household_dust_allergen_source_control_continuity.wiki
Household Emergency Preparedness Resilience	Domain_Auto_household_emergency_preparedness_resilience.wiki
Household Equipment Serial Model Recall Record Continuity	Domain_Auto_household_equipment_serial_model_recall_record_continuity.wiki
Household Hazardous Waste Chemical Disposal Continuity	Domain_Auto_household_hazardous_waste_chemical_disposal_continuity.wiki
Household Ladder Step Stool Reach Task Continuity	Domain_Auto_household_ladder_step_stool_reach_task_continuity.wiki
Household Maintenance Repair Contractor Continuity	Domain_Auto_household_maintenance_repair_contractor_continuity.wiki
Household Operating Map Handoff Continuity	Domain_Auto_household_operating_map_handoff_continuity.wiki
Household Poison Storage Child Resistant Packaging Continuity	Domain_Auto_household_poison_storage_child_resistant_packaging_continuity.wiki
Household VOC Fragrance Product Emission Continuity	Domain_Auto_household_voc_fragrance_product_emission_continuity.wiki
Household Water Treatment Filter Maintenance Continuity	Domain_Auto_household_water_treatment_filter_maintenance_continuity.wiki
Housing Built Environment Stability	Domain_Auto_housing_built_environment_stability.wiki
Housing Choice Voucher Public Housing Continuity	Domain_Auto_housing_choice_voucher_public_housing_continuity.wiki
Housing Habitability Inspection Code Enforcement Continuity	Domain_Auto_housing_habitability_inspection_code_enforcement_continuity.wiki
HUD Approved Housing Counseling Navigation Continuity	Domain_Auto_hud_approved_housing_counseling_navigation_continuity.wiki
Human AI Oversight Handoff Accountability Continuity	Domain_Auto_human_ai_oversight_handoff_accountability_continuity.wiki
Human Animal Bond Companion Care Continuity	Domain_Auto_human_animal_bond_companion_care_continuity.wiki
Human Factors Ergonomics Task System Continuity	Domain_Auto_human_factors_ergonomics_task_system_continuity.wiki
human-trafficking-victim-identification-services-continuity	Domain_Auto_human_trafficking_victim_identification_services_continuity.wiki
Huntington Disease Genetic Neurodegeneration Continuity	Domain_Auto_huntington_disease_genetic_neurodegeneration_continuity.wiki
Hurricane Storm Surge Evacuation Shelter Continuity	Domain_Auto_hurricane_storm_surge_evacuation_shelter_continuity.wiki
Hypertension Detection Control Continuity	Domain_Auto_hypertension_detection_control_continuity.wiki
Hypertensive Crisis End Organ Risk Continuity	Domain_Auto_hypertensive_crisis_end_organ_risk_continuity.wiki
Hypogonadism Testosterone Sex Hormone Continuity	Domain_Auto_hypogonadism_testosterone_sex_hormone_continuity.wiki
Idiopathic Hypersomnia Excessive Sleepiness Continuity	Domain_Auto_idiopathic_hypersomnia_excessive_sleepiness_continuity.wiki
Illegal Dumping Litter Neighborhood Sanitation Continuity	Domain_Auto_illegal_dumping_litter_neighborhood_sanitation_continuity.wiki
Immigration Status Residency Work Authorization Continuity	Domain_Auto_immigration_status_residency_work_authorization_continuity.wiki
Immune Repertoire Vaccine Response Aging Continuity	Domain_Auto_immune_repertoire_vaccine_response_aging_continuity.wiki
Immunization Public Health Surveillance	Domain_Auto_immunization_public_health_surveillance.wiki
Immunization Record Proof Continuity	Domain_Auto_immunization_record_proof_continuity.wiki
Implementation Science Adherence Behavior Change	Domain_Auto_implementation_science_adherence_behavior_change.wiki
Incident Reporting Just Culture Learning Continuity	Domain_Auto_incident_reporting_just_culture_learning_continuity.wiki
Income Payroll Employment Record Continuity	Domain_Auto_income_payroll_employment_record_continuity.wiki
Incontinence Absorbent Product Supply Dignity Continuity	Domain_Auto_incontinence_absorbent_product_supply_dignity_continuity.wiki
Incontinence-Associated Dermatitis, Moisture and Skin Continuity	Domain_Auto_incontinence_associated_dermatitis_moisture_skin_continuity.wiki
Indoor Ventilation Filtration Outbreak Control Continuity	Domain_Auto_indoor_ventilation_filtration_outbreak_control_continuity.wiki
Industrial Process Safety Management Continuity	Domain_Auto_industrial_process_safety_management_continuity.wiki
Infant Formula Baby Food Supply Safety Continuity	Domain_Auto_infant_formula_baby_food_supply_safety_continuity.wiki
Infant Safe Sleep SUID Risk Reduction Continuity	Domain_Auto_infant_safe_sleep_suid_risk_reduction_continuity.wiki
Inflammaging Chronic Low Grade Inflammation Continuity	Domain_Auto_inflammaging_chronic_low_grade_inflammation_continuity.wiki
Inflammatory Bowel Disease Digestive Continuity	Domain_Auto_inflammatory_bowel_disease_digestive_continuity.wiki
Information Integrity Trust	Domain_Auto_information_integrity_trust.wiki
Informed Consent Refusal Shared Decision Continuity	Domain_Auto_informed_consent_refusal_shared_decision_continuity.wiki
Insurance Eligibility Benefits Verification Continuity	Domain_Auto_insurance_eligibility_benefits_verification_continuity.wiki
Insurance Risk Transfer	Domain_Auto_insurance_risk_transfer.wiki
Insurance Underwriting Algorithmic Risk Scoring Continuity	Domain_Auto_insurance_underwriting_algorithmic_risk_scoring_continuity.wiki
Intellectual Property Technology Transfer Access	Domain_Auto_intellectual_property_technology_transfer_access.wiki
Intensive Care Organ Support Delirium Continuity	Domain_Auto_intensive_care_organ_support_delirium_continuity.wiki
International Student SEVIS Status Continuity	Domain_Auto_international_student_sevis_status_continuity.wiki
Invasive Species Human Health Access Continuity	Domain_Auto_invasive_species_human_health_access_continuity.wiki
Iron Deficiency Anemia Oxygen Carrying Continuity	Domain_Auto_iron_deficiency_anemia_oxygen_carrying_continuity.wiki
Isolation Quarantine Work School Continuity	Domain_Auto_isolation_quarantine_work_school_continuity.wiki
Journal Editorial Policy Peer Review Integrity Continuity	Domain_Auto_journal_editorial_policy_peer_review_integrity_continuity.wiki
Jury Service, Summons, and Hardship Continuity	Domain_Auto_jury_service_summons_hardship_continuity.wiki
Juvenile Justice Reentry Aftercare Continuity	Domain_Auto_juvenile_justice_reentry_aftercare_continuity.wiki
Kidney Stone, Obstruction and Renal Colic Continuity	Domain_Auto_kidney_stone_obstruction_renal_colic_continuity.wiki
Kidney Transplant, Immunosuppression and Graft Continuity	Domain_Auto_kidney_transplant_immunosuppression_graft_continuity.wiki
亲属照护、寄养、收养与儿童安置连续性	Domain_Auto_kinship_foster_adoption_care_continuity.wiki
Knowledge Graph Ontology Semantic Interoperability	Domain_Auto_knowledge_graph_ontology_semantic_interoperability.wiki
Lab Notebook, Protocol and Versioning Continuity	Domain_Auto_lab_notebook_protocol_versioning_continuity.wiki
Labor Rights Workplace Protection	Domain_Auto_labor_rights_workplace_protection.wiki
Lactation Breastfeeding Support Continuity	Domain_Auto_lactation_breastfeeding_support_continuity.wiki
Landscaping Horticulture Worker Equipment Injury Continuity	Domain_Auto_landscaping_horticulture_worker_equipment_injury_continuity.wiki
Landslide Mudslide Debris Flow Warning Continuity	Domain_Auto_landslide_mudslide_debris_flow_warning_continuity.wiki
Language Access Plain Communication	Domain_Auto_language_access_plain_communication.wiki
Large Load Grid Interconnection Transmission Continuity	Domain_Auto_large_load_grid_interconnection_transmission_continuity.wiki
Laundry Clothing Footwear Hygiene Continuity	Domain_Auto_laundry_clothing_footwear_hygiene_continuity.wiki
Lead Heavy Metal Exposure Control	Domain_Auto_lead_heavy_metal_exposure_control.wiki
Lead Service Line Lead Copper Drinking Water Continuity	Domain_Auto_lead_service_line_lead_copper_drinking_water_continuity.wiki
Learning Skill Acquisition	Domain_Auto_learning_skill_acquisition.wiki
Legal Identity Civil Registration	Domain_Auto_legal_identity_civil_registration.wiki
Leisure Recreation Restorative Activity Continuity	Domain_Auto_leisure_recreation_restorative_activity_continuity.wiki
LGBTQ Health Identity Affirming Service Continuity	Domain_Auto_lgbtq_health_identity_affirming_service_continuity.wiki
Lice Scabies School Shelter Infestation Continuity	Domain_Auto_lice_scabies_school_shelter_infestation_continuity.wiki
Life Insurance Beneficiary Claim Continuity	Domain_Auto_life_insurance_beneficiary_claim_continuity.wiki
Life Logging Personal Archives Continuity	Domain_Auto_life_logging_personal_archives_continuity.wiki
Light Exposure Circadian Environment Continuity	Domain_Auto_light_exposure_circadian_environment_continuity.wiki
Lipid Atherosclerosis Risk Management Continuity	Domain_Auto_lipid_atherosclerosis_risk_management_continuity.wiki
Liver Cancer Cirrhosis Surveillance Treatment Continuity	Domain_Auto_liver_cancer_cirrhosis_surveillance_treatment_continuity.wiki
Living Evidence Surveillance and Update Continuity	Domain_Auto_living_evidence_surveillance_update_continuity.wiki
临时住宿与住宿接入连续性	Domain_Auto_lodging_temporary_accommodation_access_continuity.wiki
Loneliness Social Isolation Risk Continuity	Domain_Auto_loneliness_social_isolation_risk_continuity.wiki
Long COVID Post-Acute Infection Continuity	Domain_Auto_long_covid_post_acute_infection_continuity.wiki
长距离旅行预订与行程连续性	Domain_Auto_long_distance_travel_booking_itinerary_continuity.wiki
长期照护保险与福利启动连续性	Domain_Auto_long_term_care_insurance_benefit_activation_continuity.wiki
Long Term Digital Preservation Format Migration	Domain_Auto_long_term_digital_preservation_format_migration.wiki
Longitudinal Cohort Retention Followup Infrastructure	Domain_Auto_longitudinal_cohort_retention_followup_infrastructure.wiki
Low Back Pain Spine Function Continuity	Domain_Auto_low_back_pain_spine_function_continuity.wiki
Low Vision Rehabilitation Assistive Technology Continuity	Domain_Auto_low_vision_rehabilitation_assistive_technology_continuity.wiki
Lung Cancer Screening Treatment Continuity	Domain_Auto_lung_cancer_screening_treatment_continuity.wiki
Lymphatic Glymphatic Clearance	Domain_Auto_lymphatic_glymphatic_clearance.wiki
Lysosomal Flux Lipofuscin Clearance Continuity	Domain_Auto_lysosomal_flux_lipofuscin_clearance_continuity.wiki
Machine Guarding Amputation Prevention Continuity	Domain_Auto_machine_guarding_amputation_prevention_continuity.wiki
Macroeconomic Monetary Fiscal Stability	Domain_Auto_macroeconomic_monetary_fiscal_stability.wiki
Male Factor Infertility Sperm Health Continuity	Domain_Auto_male_factor_infertility_sperm_health_continuity.wiki
Manufactured Housing Park Tenure Safety Continuity	Domain_Auto_manufactured_housing_park_tenure_safety_continuity.wiki
Manufacturing Repair Capacity	Domain_Auto_manufacturing_repair_capacity.wiki
Mask Respirator Source Control Fit Access Continuity	Domain_Auto_mask_respirator_source_control_fit_access_continuity.wiki
Maternal Newborn Child Development	Domain_Auto_maternal_newborn_child_development.wiki
ME/CFS Post-Exertional Energy Limitation Continuity	Domain_Auto_me_cfs_post_exertional_energy_limitation_continuity.wiki
Measurement And Feedback	Domain_Auto_measurement_feedback.wiki
Mechanical Ventilation Respiratory Failure Continuity	Domain_Auto_mechanical_ventilation_respiratory_failure_continuity.wiki
Media Information Literacy Public Libraries	Domain_Auto_media_information_literacy_public_libraries.wiki
Medicaid CHIP Renewal Redetermination Continuity	Domain_Auto_medicaid_chip_renewal_redetermination_continuity.wiki
Medical Countermeasure Stockpile Distribution Continuity	Domain_Auto_medical_countermeasure_stockpile_distribution_continuity.wiki
Medical Device Equipment Safety Maintenance	Domain_Auto_medical_device_equipment_safety_maintenance.wiki
Medical ID Allergy Critical Alert Continuity	Domain_Auto_medical_id_allergy_critical_alert_continuity.wiki
Medical Interpreter Cultural Mediation	Domain_Auto_medical_interpreter_cultural_mediation.wiki
Medical Nutrition Therapy Dietitian Access Continuity	Domain_Auto_medical_nutrition_therapy_dietitian_access_continuity.wiki
Medical Record Access Amendment Release Continuity	Domain_Auto_medical_record_access_amendment_release_continuity.wiki
Medical Service Prior Authorization Utilization Management Continuity	Domain_Auto_medical_service_prior_authorization_utilization_management_continuity.wiki
Medically Tailored Groceries Food Benefit Continuity	Domain_Auto_medically_tailored_groceries_food_benefit_continuity.wiki
Medically Tailored Meals Chronic Care Continuity	Domain_Auto_medically_tailored_meals_chronic_care_continuity.wiki
Medicare Enrollment Coverage Transition Continuity	Domain_Auto_medicare_enrollment_coverage_transition_continuity.wiki
Medication List Implant Device Emergency Continuity	Domain_Auto_medication_list_implant_device_emergency_continuity.wiki
Medication Reconciliation Regimen Adherence Continuity	Domain_Auto_medication_reconciliation_regimen_adherence_continuity.wiki
Medicine Access Treatment Continuity	Domain_Auto_medicine_access_treatment_continuity.wiki
Meeting Video Conferencing Remote Collaboration Continuity	Domain_Auto_meeting_video_conferencing_remote_collaboration_continuity.wiki
Meniere's Disease Episodic Vertigo Continuity	Domain_Auto_menieres_disease_episodic_vertigo_continuity.wiki
Menstrual Health Cycle Literacy Continuity	Domain_Auto_menstrual_health_cycle_literacy_continuity.wiki
Menstrual Product Access Safety Continuity	Domain_Auto_menstrual_product_access_safety_continuity.wiki
Mental Health And Affective Stability	Domain_Auto_mental_health_affective_stability.wiki
Messaging Contact Graph Portability Continuity	Domain_Auto_messaging_contact_graph_portability_continuity.wiki
Meta-Analysis, Effect Size and Heterogeneity Continuity	Domain_Auto_meta_analysis_effect_size_heterogeneity_continuity.wiki
MFA Passkey Credential Recovery Continuity	Domain_Auto_mfa_passkey_credential_recovery_continuity.wiki
Microbiome Ecology	Domain_Auto_microbiome_ecology.wiki
Migraine Headache Effective Time Burden	Domain_Auto_migraine_headache_effective_time_burden.wiki
Migrant Seasonal Farmworker Health Housing Continuity	Domain_Auto_migrant_seasonal_farmworker_health_housing_continuity.wiki
Migration Displacement Humanitarian Continuity	Domain_Auto_migration_displacement_humanitarian_continuity.wiki
missing-persons-unidentified-remains-resolution-continuity	Domain_Auto_missing_persons_unidentified_remains_resolution_continuity.wiki
Model Cards AI Audit Documentation	Domain_Auto_model_cards_ai_audit_documentation.wiki
Mold Dampness Indoor Biological Exposure	Domain_Auto_mold_dampness_indoor_biological_exposure.wiki
房贷发放、服务、止赎与住房连续性	Domain_Auto_mortgage_origination_servicing_foreclosure_continuity.wiki
Mosquito Bite Arbovirus Prevention Continuity	Domain_Auto_mosquito_bite_arbovirus_prevention_continuity.wiki
Motion Sickness Transport Virtual Environment Tolerance Continuity	Domain_Auto_motion_sickness_transport_virtual_environment_tolerance_continuity.wiki
Multimodal Trip Planning Real Time Wayfinding Continuity	Domain_Auto_multimodal_trip_planning_real_time_wayfinding_continuity.wiki
Multimorbidity Polypharmacy Care Coordination	Domain_Auto_multimorbidity_polypharmacy_care_coordination.wiki
Multiomics Personal Baseline Systems Biology	Domain_Auto_multiomics_personal_baseline_systems_biology.wiki
Multiple Sclerosis Demyelination Function Continuity	Domain_Auto_multiple_sclerosis_demyelination_function_continuity.wiki
Municipal 311 Service Request Continuity	Domain_Auto_municipal_311_service_request_continuity.wiki
Muscular Dystrophy Progressive Weakness Continuity	Domain_Auto_muscular_dystrophy_progressive_weakness_continuity.wiki
Musculoskeletal Integrity	Domain_Auto_musculoskeletal_integrity.wiki
Mutual Aid Neighbor Support Network Continuity	Domain_Auto_mutual_aid_neighbor_support_network_continuity.wiki
Myasthenia Gravis Neuromuscular Junction Continuity	Domain_Auto_myasthenia_gravis_neuromuscular_junction_continuity.wiki
Mycotoxin Food Crop Storage Safety Continuity	Domain_Auto_mycotoxin_food_crop_storage_safety_continuity.wiki
姓名变更与身份记录同步连续性	Domain_Auto_name_change_identity_record_synchronization_continuity.wiki
Nanomedicine Targeted Delivery Molecular Repair	Domain_Auto_nanomedicine_targeted_delivery_molecular_repair.wiki
Narcolepsy Daytime Sleepiness Continuity	Domain_Auto_narcolepsy_daytime_sleepiness_continuity.wiki
Narrative Identity Life Review Continuity	Domain_Auto_narrative_identity_life_review_continuity.wiki
Natural Gas Propane Leak Shutoff Continuity	Domain_Auto_natural_gas_propane_leak_shutoff_continuity.wiki
Neurodegenerative Dysphagia Nutrition Continuity	Domain_Auto_neurodegenerative_dysphagia_nutrition_continuity.wiki
Newborn Hearing Screening Language Development Continuity	Domain_Auto_newborn_hearing_screening_language_development_continuity.wiki
Newborn Screening Result Followup Continuity	Domain_Auto_newborn_screening_result_followup_continuity.wiki
Noise Exposure Acoustic Environment Continuity	Domain_Auto_noise_exposure_acoustic_environment_continuity.wiki
Noise Induced Hearing Loss Prevention Continuity	Domain_Auto_noise_induced_hearing_loss_prevention_continuity.wiki
公证、文件认证与签名连续性	Domain_Auto_notary_document_authentication_signature_continuity.wiki
Notification Alert Routing Attention Continuity	Domain_Auto_notification_alert_routing_attention_continuity.wiki
Nuclear Gateway Nucleocytoplasmic Transport Continuity	Domain_Auto_nuclear_gateway_nucleocytoplasmic_transport_continuity.wiki
Nutrition Insecurity Screening Referral Continuity	Domain_Auto_nutrition_insecurity_screening_referral_continuity.wiki
Nutrition Metabolic Health	Domain_Auto_nutrition_metabolic_health.wiki
Obesity Adiposity Metabolic Risk Continuity	Domain_Auto_obesity_adiposity_metabolic_risk_continuity.wiki
Obstetric Emergency Hemorrhage Hypertension Continuity	Domain_Auto_obstetric_emergency_hemorrhage_hypertension_continuity.wiki
Occupational Electrical Shock Arc Flash Continuity	Domain_Auto_occupational_electrical_shock_arc_flash_continuity.wiki
Occupational Exposure Industrial Hygiene	Domain_Auto_occupational_exposure_industrial_hygiene.wiki
Occupational Work Design	Domain_Auto_occupational_work_design.wiki
Official Web Domain Brand Impersonation Continuity	Domain_Auto_official_web_domain_brand_impersonation_continuity.wiki
Oil Spill Hazardous Release Response Recovery Continuity	Domain_Auto_oil_spill_hazardous_release_response_recovery_continuity.wiki
Older Adult Caregiver Disaster Preparedness Continuity	Domain_Auto_older_adult_caregiver_disaster_preparedness_continuity.wiki
Online Child Sexual Exploitation Sextortion Reporting Continuity	Domain_Auto_online_child_sexual_exploitation_sextortion_reporting_continuity.wiki
在线零售订单、发货与履约连续性	Domain_Auto_online_retail_order_shipping_fulfillment_continuity.wiki
Online Safety Digital Harm Prevention	Domain_Auto_online_safety_digital_harm_prevention.wiki
Open Source Maintainer Sustainability Continuity	Domain_Auto_open_source_maintainer_sustainability_continuity.wiki
Open Source Software License Compliance Continuity	Domain_Auto_open_source_software_license_compliance_continuity.wiki
Opportunity Youth Education Employment Pathway Continuity	Domain_Auto_opportunity_youth_education_employment_pathway_continuity.wiki
Opt-Out Preference Signal Consent Revocation Continuity	Domain_Auto_opt_out_preference_signal_consent_revocation_continuity.wiki
Oral Cancer Mucosal Lesion Early Detection Continuity	Domain_Auto_oral_cancer_mucosal_lesion_early_detection_continuity.wiki
Oral Health Continuity	Domain_Auto_oral_health_continuity.wiki
Organ Donor Registry Anatomical Gift Continuity	Domain_Auto_organ_donor_registry_anatomical_gift_continuity.wiki
Organelle Contact Sites Intercompartmental Communication Continuity	Domain_Auto_organelle_contact_sites_intercompartmental_communication_continuity.wiki
Oropharyngeal Dysphagia Swallow Safety Continuity	Domain_Auto_oropharyngeal_dysphagia_swallow_safety_continuity.wiki
Osteoarthritis Joint Function Continuity	Domain_Auto_osteoarthritis_joint_function_continuity.wiki
Osteoporosis Fracture Prevention Bone Health Continuity	Domain_Auto_osteoporosis_fracture_prevention_bone_health_continuity.wiki
Otitis Media Child Hearing Development Continuity	Domain_Auto_otitis_media_child_hearing_development_continuity.wiki
Out Of School Time Afterschool Summer Learning Continuity	Domain_Auto_out_of_school_time_afterschool_summer_learning_continuity.wiki
Outbreak Case Investigation Contact Tracing Continuity	Domain_Auto_outbreak_case_investigation_contact_tracing_continuity.wiki
Outpatient Laboratory Specimen Result Routing Continuity	Domain_Auto_outpatient_laboratory_specimen_result_routing_continuity.wiki
Ovarian Cancer Symptom Detection Treatment Continuity	Domain_Auto_ovarian_cancer_symptom_detection_treatment_continuity.wiki
Overactive Bladder, Nocturia and Sleep Continuity	Domain_Auto_overactive_bladder_nocturia_sleep_continuity.wiki
Overdose Poisoning Reversal Toxicology Continuity	Domain_Auto_overdose_poisoning_reversal_toxicology_continuity.wiki
带薪病假、家庭假与工资替代连续性	Domain_Auto_paid_sick_family_leave_wage_replacement_continuity.wiki
Pain And Suffering Control	Domain_Auto_pain_suffering_control.wiki
Pancreatic Cancer High Risk Detection Treatment Continuity	Domain_Auto_pancreatic_cancer_high_risk_detection_treatment_continuity.wiki
Parasomnia Sleepwalking Behavior Safety Continuity	Domain_Auto_parasomnia_sleepwalking_behavior_safety_continuity.wiki
Paratransit NEMT Access Continuity	Domain_Auto_paratransit_nemt_access_continuity.wiki
Parking Curb Access Towing Impound Continuity	Domain_Auto_parking_curb_access_towing_impound_continuity.wiki
Parkinson's Disease Movement Control Continuity	Domain_Auto_parkinsons_disease_movement_control_continuity.wiki
Parks Recreation Green Space Access Continuity	Domain_Auto_parks_recreation_green_space_access_continuity.wiki
护照、旅行证件与跨境移动连续性	Domain_Auto_passport_travel_document_mobility_continuity.wiki
Password Manager Secret Vault Continuity	Domain_Auto_password_manager_secret_vault_continuity.wiki
Patent Invention Disclosure Maintenance Continuity	Domain_Auto_patent_invention_disclosure_maintenance_continuity.wiki
Patient Advocacy Shared Decision Making	Domain_Auto_patient_advocacy_shared_decision_making.wiki
Patient Billing Payment Plan Continuity	Domain_Auto_patient_billing_payment_plan_continuity.wiki
Patient Data Interoperability	Domain_Auto_patient_data_interoperability.wiki
Patient Grievance Complaint Ombuds Continuity	Domain_Auto_patient_grievance_complaint_ombuds_continuity.wiki
Patient Medication Labeling Counseling Continuity	Domain_Auto_patient_medication_labeling_counseling_continuity.wiki
Patient Portal Account Message Continuity	Domain_Auto_patient_portal_account_message_continuity.wiki
Patient Safety Organizational Learning	Domain_Auto_patient_safety_organizational_learning.wiki
发薪日贷款、小额高成本贷款与汽车抵押贷款连续性	Domain_Auto_payday_small_dollar_title_loan_continuity.wiki
支付卡争议、错误交易与未授权扣款连续性	Domain_Auto_payment_card_dispute_unauthorized_charge_continuity.wiki
Peacebuilding Conflict Prevention Social Cohesion	Domain_Auto_peacebuilding_conflict_prevention_social_cohesion.wiki
Pediatric Feeding Swallowing Development Continuity	Domain_Auto_pediatric_feeding_swallowing_development_continuity.wiki
Pediatric Lead Screening Environmental Followup Continuity	Domain_Auto_pediatric_lead_screening_environmental_followup_continuity.wiki
Pediatric Oral Health Development Continuity	Domain_Auto_pediatric_oral_health_development_continuity.wiki
Pediatric Vision Screening Amblyopia Continuity	Domain_Auto_pediatric_vision_screening_amblyopia_continuity.wiki
Pelvic Floor Continence Function Continuity	Domain_Auto_pelvic_floor_continence_function_continuity.wiki
Perimenopause Menopause Midlife Health Continuity	Domain_Auto_perimenopause_menopause_midlife_health_continuity.wiki
Perinatal Mental Health Screening Referral Continuity	Domain_Auto_perinatal_mental_health_screening_referral_continuity.wiki
Periodontal Disease Systemic Inflammation Continuity	Domain_Auto_periodontal_disease_systemic_inflammation_continuity.wiki
Peripheral Neuropathy Somatosensory Continuity	Domain_Auto_peripheral_neuropathy_somatosensory_continuity.wiki
Peroxisome Redox Lipid Metabolism Homeostasis Continuity	Domain_Auto_peroxisome_redox_lipid_metabolism_homeostasis_continuity.wiki
Persistent Identifier, DOI and Citation Metadata Continuity	Domain_Auto_persistent_identifier_doi_citation_metadata_continuity.wiki
Persistent Postural Perceptual Dizziness Continuity	Domain_Auto_persistent_postural_perceptual_dizziness_continuity.wiki
Personal Automation Integration Workflow Continuity	Domain_Auto_personal_automation_integration_workflow_continuity.wiki
Personal Computing Device Lifecycle Repair Continuity	Domain_Auto_personal_computing_device_lifecycle_repair_continuity.wiki
Personal Health Record Emergency Summary Continuity	Domain_Auto_personal_health_record_emergency_summary_continuity.wiki
Personal Knowledge Management Cognitive Offloading	Domain_Auto_personal_knowledge_management_cognitive_offloading.wiki
个人责任伞形保险与法律防御连续性	Domain_Auto_personal_liability_umbrella_insurance_defense_continuity.wiki
Personal Safety Violence Prevention	Domain_Auto_personal_safety_violence_prevention.wiki
Personal Vehicle Maintenance Recall Repair Continuity	Domain_Auto_personal_vehicle_maintenance_recall_repair_continuity.wiki
Pesticide Label Exposure Poison Control Continuity	Domain_Auto_pesticide_label_exposure_poison_control_continuity.wiki
Pet Disaster Evacuation Sheltering Continuity	Domain_Auto_pet_disaster_evacuation_sheltering_continuity.wiki
Pet Food Medication Supply Safety Continuity	Domain_Auto_pet_food_medication_supply_safety_continuity.wiki
Pet Identification Microchip Reunification Continuity	Domain_Auto_pet_identification_microchip_reunification_continuity.wiki
Pharmaceutical Quality Supply Integrity	Domain_Auto_pharmaceutical_quality_supply_integrity.wiki
Pharmacovigilance Drug Safety Monitoring	Domain_Auto_pharmacovigilance_drug_safety_monitoring.wiki
Pharmacy Benefit Formulary Prior Authorization Continuity	Domain_Auto_pharmacy_benefit_formulary_prior_authorization_continuity.wiki
Phone Number SIM Portability Account Security Continuity	Domain_Auto_phone_number_sim_portability_account_security_continuity.wiki
Physical Activity Mobility	Domain_Auto_physical_activity_mobility.wiki
Pituitary Disorders Hormone Axis Continuity	Domain_Auto_pituitary_disorders_hormone_axis_continuity.wiki
PKI Certificate Cryptographic Trust Continuity	Domain_Auto_pki_certificate_cryptographic_trust_continuity.wiki
Planetary Defense and Near-Earth Object Risk	Domain_Auto_planetary_defense_near_earth_object_risk.wiki
Planetary Health And Environment	Domain_Auto_planetary_health_environment.wiki
Plasma Proteome Systemic Aging Signal Continuity	Domain_Auto_plasma_proteome_systemic_aging_signal_continuity.wiki
Platform Account Suspension Appeals Continuity	Domain_Auto_platform_account_suspension_appeals_continuity.wiki
Platform Content Moderation Notice Appeal Continuity	Domain_Auto_platform_content_moderation_notice_appeal_continuity.wiki
Playground Surface Equipment Fall Injury Prevention Continuity	Domain_Auto_playground_surface_equipment_fall_injury_prevention_continuity.wiki
Poison Ivy Oak Sumac Urushiol Exposure Continuity	Domain_Auto_poison_ivy_oak_sumac_urushiol_exposure_continuity.wiki
Poisonous Plant Childcare Household Exposure Continuity	Domain_Auto_poisonous_plant_childcare_household_exposure_continuity.wiki
Pollen Allergen Asthma Outdoor Activity Continuity	Domain_Auto_pollen_allergen_asthma_outdoor_activity_continuity.wiki
Polycystic Ovary Syndrome Metabolic Reproductive Continuity	Domain_Auto_polycystic_ovary_syndrome_metabolic_reproductive_continuity.wiki
Pool Spa Barrier Drain Entrapment Safety Continuity	Domain_Auto_pool_spa_barrier_drain_entrapment_safety_continuity.wiki
Portable Air Cleaner Room Filtration Continuity	Domain_Auto_portable_air_cleaner_room_filtration_continuity.wiki
Post Death Account Closure Service Cancellation Continuity	Domain_Auto_post_death_account_closure_service_cancellation_continuity.wiki
Post Flood Mold Moisture Indoor Recovery Continuity	Domain_Auto_post_flood_mold_moisture_indoor_recovery_continuity.wiki
Post Quantum Cryptography Long Term Data Security	Domain_Auto_post_quantum_cryptography_long_term_data_security.wiki
Post Stroke Dysphagia Screening Recovery Continuity	Domain_Auto_post_stroke_dysphagia_screening_recovery_continuity.wiki
Postal Parcel Delivery Pickup Continuity	Domain_Auto_postal_parcel_delivery_pickup_continuity.wiki
Postpartum Care Recovery Follow Up Continuity	Domain_Auto_postpartum_care_recovery_follow_up_continuity.wiki
Postsecondary Admissions Transfer Articulation Continuity	Domain_Auto_postsecondary_admissions_transfer_articulation_continuity.wiki
Powered Industrial Truck Forklift Safety Continuity	Domain_Auto_powered_industrial_truck_forklift_safety_continuity.wiki
Predatory Publishing Paper Mill Detection Continuity	Domain_Auto_predatory_publishing_paper_mill_detection_continuity.wiki
Prediabetes Diabetes Prevention Continuity	Domain_Auto_prediabetes_diabetes_prevention_continuity.wiki
Pregnancy Loss Stillbirth Bereavement Continuity	Domain_Auto_pregnancy_loss_stillbirth_bereavement_continuity.wiki
孕产育儿工作连续性	Domain_Auto_pregnancy_parental_work_continuity.wiki
Pregnant Parenting Youth Family Support Continuity	Domain_Auto_pregnant_parenting_youth_family_support_continuity.wiki
Preimplantation Genetic Testing Embryo Selection Governance Continuity	Domain_Auto_preimplantation_genetic_testing_embryo_selection_governance_continuity.wiki
Premise Plumbing Backflow Cross Connection Continuity	Domain_Auto_premise_plumbing_backflow_cross_connection_continuity.wiki
Prenatal Care Access Risk Screening Continuity	Domain_Auto_prenatal_care_access_risk_screening_continuity.wiki
Prepared Food Restaurant Cafeteria Safety Access Continuity	Domain_Auto_prepared_food_restaurant_cafeteria_safety_access_continuity.wiki
Preprint Versioning Public Review Continuity	Domain_Auto_preprint_versioning_public_review_continuity.wiki
Preregistration, Registered Report and Study Plan Continuity	Domain_Auto_preregistration_registered_report_study_plan_continuity.wiki
Pressure Injury Prevention, Repositioning and Support Surface Continuity	Domain_Auto_pressure_injury_prevention_repositioning_support_surface_continuity.wiki
Preterm Birth NICU Discharge Transition Continuity	Domain_Auto_preterm_birth_nicu_discharge_transition_continuity.wiki
价格、费用披露与垃圾费用连续性	Domain_Auto_price_fee_disclosure_junk_fee_continuity.wiki
Price Transparency Good Faith Estimate Continuity	Domain_Auto_price_transparency_good_faith_estimate_continuity.wiki
Primary Care Panel Appointment Access Continuity	Domain_Auto_primary_care_panel_appointment_access_continuity.wiki
Primary Ovarian Insufficiency Hormone Fertility Continuity	Domain_Auto_primary_ovarian_insufficiency_hormone_fertility_continuity.wiki
Privacy Preserving Computation Federated Learning	Domain_Auto_privacy_preserving_computation_federated_learning.wiki
Privacy Rights Access Correction Deletion Continuity	Domain_Auto_privacy_rights_access_correction_deletion_continuity.wiki
Private Well Water Testing Treatment Continuity	Domain_Auto_private_well_water_testing_treatment_continuity.wiki
Produce Prescription Fruit Vegetable Benefit Continuity	Domain_Auto_produce_prescription_fruit_vegetable_benefit_continuity.wiki
Product Safety Recall Systems	Domain_Auto_product_safety_recall_systems.wiki
Professional Licensure Certification Continuity	Domain_Auto_professional_licensure_certification_continuity.wiki
Prostate Cancer Screening Treatment Continuity	Domain_Auto_prostate_cancer_screening_treatment_continuity.wiki
Prosthetic Limb Orthotic Fit Repair Continuity	Domain_Auto_prosthetic_limb_orthotic_fit_repair_continuity.wiki
Provider Directory Network Adequacy Continuity	Domain_Auto_provider_directory_network_adequacy_continuity.wiki
Psoriasis, Inflammatory Skin and Systemic Burden Continuity	Domain_Auto_psoriasis_inflammatory_skin_systemic_burden_continuity.wiki
Psychosis Reality Testing Community Continuity	Domain_Auto_psychosis_reality_testing_community_continuity.wiki
Public Accommodation Accessibility Service Continuity	Domain_Auto_public_accommodation_accessibility_service_continuity.wiki
Public Benefits Eligibility Automated Decision Continuity	Domain_Auto_public_benefits_eligibility_automated_decision_continuity.wiki
Public Drinking Water Hydration Access Continuity	Domain_Auto_public_drinking_water_hydration_access_continuity.wiki
Public Health Laboratory Diagnostic Capacity	Domain_Auto_public_health_laboratory_diagnostic_capacity.wiki
Public Library Community Anchor Access Continuity	Domain_Auto_public_library_community_anchor_access_continuity.wiki
Public Procurement Contracting Capacity	Domain_Auto_public_procurement_contracting_capacity.wiki
Public Restroom Sanitation Hygiene Access Continuity	Domain_Auto_public_restroom_sanitation_hygiene_access_continuity.wiki
Public Seating Shade Rest Cooling Access Continuity	Domain_Auto_public_seating_shade_rest_cooling_access_continuity.wiki
Public Service Design Accessibility	Domain_Auto_public_service_design_accessibility.wiki
Public Transit Service Operations Continuity	Domain_Auto_public_transit_service_operations_continuity.wiki
Public Wifi Device Charging Connectivity Continuity	Domain_Auto_public_wifi_device_charging_connectivity_continuity.wiki
Public Works Civil Infrastructure Asset Management	Domain_Auto_public_works_civil_infrastructure_asset_management.wiki
Publication and Reporting Bias Detection Continuity	Domain_Auto_publication_reporting_bias_detection_continuity.wiki
Purpose Meaning Existential Continuity	Domain_Auto_purpose_meaning_existential_continuity.wiki
Rabies Exposure Bite PEP Continuity	Domain_Auto_rabies_exposure_bite_pep_continuity.wiki
Radiation Nuclear Safety Protection	Domain_Auto_radiation_nuclear_safety_protection.wiki
Radon Asbestos Indoor Hazard Continuity	Domain_Auto_radon_asbestos_indoor_hazard_continuity.wiki
Rapid Review and Emergency Evidence Triage Continuity	Domain_Auto_rapid_review_emergency_evidence_triage_continuity.wiki
Rare Disease Diagnostic Odyssey Care Coordination	Domain_Auto_rare_disease_diagnostic_odyssey_care_coordination.wiki
不动产权属、地契与土地记录连续性	Domain_Auto_real_property_title_deed_record_continuity.wiki
Recreational Water Illness Beach Lake Access Continuity	Domain_Auto_recreational_water_illness_beach_lake_access_continuity.wiki
References Vouching Recommendation Social Capital Continuity	Domain_Auto_references_vouching_recommendation_social_capital_continuity.wiki
Refractive Error Glasses Contact Lens Continuity	Domain_Auto_refractive_error_glasses_contact_lens_continuity.wiki
Refrigerated Medication Medical Device Power Outage Continuity	Domain_Auto_refrigerated_medication_medical_device_power_outage_continuity.wiki
Registries Real World Data Governance	Domain_Auto_registries_real_world_data_governance.wiki
Rehabilitation And Functioning	Domain_Auto_rehabilitation_functioning.wiki
Reminder Alarm Routine Task Continuity	Domain_Auto_reminder_alarm_routine_task_continuity.wiki
汇款、跨境转账与费用汇率披露连续性	Domain_Auto_remittance_money_transfer_disclosure_continuity.wiki
Remote and Hybrid Court Hearing Access Continuity	Domain_Auto_remote_hybrid_court_hearing_access_continuity.wiki
Renal Hepatic Clearance	Domain_Auto_renal_hepatic_clearance.wiki
Rental Lease Tenancy Rights Continuity	Domain_Auto_rental_lease_tenancy_rights_continuity.wiki
Replication Reproducibility Many Labs Continuity	Domain_Auto_replication_reproducibility_many_labs_continuity.wiki
Representative Payee Benefits Management Continuity	Domain_Auto_representative_payee_benefits_management_continuity.wiki
Reproductive Fertility Continuity	Domain_Auto_reproductive_fertility_continuity.wiki
Reproductive Tissue Donor Screening Traceability Continuity	Domain_Auto_reproductive_tissue_donor_screening_traceability_continuity.wiki
Reptile Amphibian Backyard Poultry Salmonella Continuity	Domain_Auto_reptile_amphibian_backyard_poultry_salmonella_continuity.wiki
Reputation Defamation Public Trust Repair Continuity	Domain_Auto_reputation_defamation_public_trust_repair_continuity.wiki
Recursive Self-Improvement Intelligence Explosion	Domain_Auto_recursive_self_improvement_intelligence_explosion.wiki
Research Artifact Archive, Retention and Preservation Continuity	Domain_Auto_research_artifact_archive_retention_preservation_continuity.wiki
Research Data Repository and FAIR Sharing Continuity	Domain_Auto_research_data_repository_fair_sharing_continuity.wiki
Research Metrics Incentives Assessment Continuity	Domain_Auto_research_metrics_incentives_assessment_continuity.wiki
Research Misconduct Investigation Correction Continuity	Domain_Auto_research_misconduct_investigation_correction_continuity.wiki
Research Participant Consent Community Engagement	Domain_Auto_research_participant_consent_community_engagement.wiki
Research Portfolio Prioritization Funding Governance	Domain_Auto_research_portfolio_prioritization_funding_governance.wiki
Research Software, Capsule and Computational Reproducibility Continuity	Domain_Auto_research_software_capsule_reproducibility_continuity.wiki
Residential Electrical Wiring Outlet Safety Continuity	Domain_Auto_residential_electrical_wiring_outlet_safety_continuity.wiki
Residential Solid Waste Collection Bin Sanitation Continuity	Domain_Auto_residential_solid_waste_collection_bin_sanitation_continuity.wiki
Resistance Training Muscle Strength Sarcopenia Continuity	Domain_Auto_resistance_training_muscle_strength_sarcopenia_continuity.wiki
Respirable Crystalline Silica Dust Worker Continuity	Domain_Auto_respirable_crystalline_silica_dust_worker_continuity.wiki
Respiratory Oxygenation	Domain_Auto_respiratory_oxygenation.wiki
Respite Care Provider Capacity Scheduling Continuity	Domain_Auto_respite_care_provider_capacity_scheduling_continuity.wiki
Restless Legs Periodic Limb Movement Sleep Continuity	Domain_Auto_restless_legs_periodic_limb_movement_sleep_continuity.wiki
Restorative Justice Repair Accountability Continuity	Domain_Auto_restorative_justice_repair_accountability_continuity.wiki
Retail Pharmacy Prescription Dispensing Continuity	Domain_Auto_retail_pharmacy_prescription_dispensing_continuity.wiki
Retinal Detachment Urgent Referral Continuity	Domain_Auto_retinal_detachment_urgent_referral_continuity.wiki
Retirement Pension Savings Plan Continuity	Domain_Auto_retirement_pension_savings_plan_continuity.wiki
Retraction Expression Concern Correction Continuity	Domain_Auto_retraction_expression_concern_correction_continuity.wiki
Ribosome Translation Fidelity Proteome Integrity Continuity	Domain_Auto_ribosome_translation_fidelity_proteome_integrity_continuity.wiki
维修权、零件、手册与诊断接入连续性	Domain_Auto_right_to_repair_parts_manuals_access_continuity.wiki
Risk of Bias and Critical Appraisal Continuity	Domain_Auto_risk_of_bias_critical_appraisal_continuity.wiki
Ritual Ceremony Life Transition Continuity	Domain_Auto_ritual_ceremony_life_transition_continuity.wiki
River and Flash Flood Warning Evacuation Continuity	Domain_Auto_river_flash_flood_warning_evacuation_continuity.wiki
RNA Splicing Epitranscriptomic Maintenance Continuity	Domain_Auto_rna_splicing_epitranscriptomic_maintenance_continuity.wiki
Road Traffic Injury Prevention Safe Mobility	Domain_Auto_road_traffic_injury_prevention_safe_mobility.wiki
Robotics Embodied Assistance Care Automation	Domain_Auto_robotics_embodied_assistance_care_automation.wiki
Rodent Infestation Hantavirus Plague Continuity	Domain_Auto_rodent_infestation_hantavirus_plague_continuity.wiki
Runaway Homeless Youth Outreach Shelter Continuity	Domain_Auto_runaway_homeless_youth_outreach_shelter_continuity.wiki
Rural Health Access Geographic Equity	Domain_Auto_rural_health_access_geographic_equity.wiki
Safety Critical Software Formal Methods	Domain_Auto_safety_critical_software_formal_methods.wiki
Satellite Communications Spectrum Orbit Continuity	Domain_Auto_satellite_communications_spectrum_orbit_continuity.wiki
Scholarly Identity, ORCID and Affiliation Continuity	Domain_Auto_scholarly_identity_orcid_affiliation_continuity.wiki
School Climate Bullying Violence Prevention Continuity	Domain_Auto_school_climate_bullying_violence_prevention_continuity.wiki
School Discipline Exclusion Restraint Continuity	Domain_Auto_school_discipline_exclusion_restraint_continuity.wiki
School Enrollment Attendance Continuity	Domain_Auto_school_enrollment_attendance_continuity.wiki
School Health Services Chronic Condition Continuity	Domain_Auto_school_health_services_chronic_condition_continuity.wiki
School Meal Debt Unpaid Balance Stigma Continuity	Domain_Auto_school_meal_debt_unpaid_balance_stigma_continuity.wiki
School Meals Nutrition Access Continuity	Domain_Auto_school_meals_nutrition_access_continuity.wiki
School Mental Health Counseling Support Continuity	Domain_Auto_school_mental_health_counseling_support_continuity.wiki
School Transportation Safe Routes Continuity	Domain_Auto_school_transportation_safe_routes_continuity.wiki
School Workplace Outbreak Operations Continuity	Domain_Auto_school_workplace_outbreak_operations_continuity.wiki
Science Communication Evidence Translation Continuity	Domain_Auto_science_communication_evidence_translation_continuity.wiki
Scientific Instrumentation Sensor Calibration Maintenance	Domain_Auto_scientific_instrumentation_sensor_calibration_maintenance.wiki
Search Index Discovery Retrieval Continuity	Domain_Auto_search_index_discovery_retrieval_continuity.wiki
Self Represented Litigant Court Self-Help Continuity	Domain_Auto_self_represented_litigant_court_self_help_continuity.wiki
Semiconductor Advanced Packaging Continuity	Domain_Auto_semiconductor_advanced_packaging_continuity.wiki
Semiconductor Manufacturing Metrology Continuity	Domain_Auto_semiconductor_manufacturing_metrology_continuity.wiki
Sensitive Location Data Exposure Continuity	Domain_Auto_sensitive_location_data_exposure_continuity.wiki
Sensory Continuity	Domain_Auto_sensory_continuity.wiki
Sepsis Shock Early Recognition Resuscitation Continuity	Domain_Auto_sepsis_shock_early_recognition_resuscitation_continuity.wiki
Septic System Maintenance Sewage Backup Continuity	Domain_Auto_septic_system_maintenance_sewage_backup_continuity.wiki
Service Animal Disability Access Continuity	Domain_Auto_service_animal_disability_access_continuity.wiki
Severe Weather Watch Warning Risk Communication Continuity	Domain_Auto_severe_weather_watch_warning_risk_communication_continuity.wiki
sexual-assault-forensic-exam-advocacy-continuity	Domain_Auto_sexual_assault_forensic_exam_advocacy_continuity.wiki
Sexual Health STI Prevention Continuity	Domain_Auto_sexual_health_sti_prevention_continuity.wiki
Shellfish Biotoxin Harmful Algal Bloom Food Continuity	Domain_Auto_shellfish_biotoxin_harmful_algal_bloom_food_continuity.wiki
Shelter In Place Clean Air Room Indoor Protection Continuity	Domain_Auto_shelter_in_place_clean_air_room_indoor_protection_continuity.wiki
Shift Work Long Hours Fatigue Continuity	Domain_Auto_shift_work_long_hours_fatigue_continuity.wiki
Sidewalk Curb Ramp Maintenance Access Continuity	Domain_Auto_sidewalk_curb_ramp_maintenance_access_continuity.wiki
Situational Awareness Decision Environment Continuity	Domain_Auto_situational_awareness_decision_environment_continuity.wiki
Skills Competency Credentialing Continuity	Domain_Auto_skills_competency_credentialing_continuity.wiki
Skin Barrier Wound Healing	Domain_Auto_skin_barrier_wound_healing.wiki
Skin Cancer UV Protection Early Detection Continuity	Domain_Auto_skin_cancer_uv_protection_early_detection_continuity.wiki
Skin Care Supplies, Dressings and Barrier Products Continuity	Domain_Auto_skin_care_supplies_dressings_barrier_products_continuity.wiki
Sleep Circadian And Recovery	Domain_Auto_sleep_circadian_recovery.wiki
Sleep Disordered Breathing Screening Treatment Continuity	Domain_Auto_sleep_disordered_breathing_screening_treatment_continuity.wiki
Small Claims and Civil Dispute Resolution Continuity	Domain_Auto_small_claims_civil_dispute_resolution_continuity.wiki
Smell Taste Chemosensory Continuity	Domain_Auto_smell_taste_chemosensory_continuity.wiki
Smoke Alarm Home Fire Escape Readiness Continuity	Domain_Auto_smoke_alarm_home_fire_escape_readiness_continuity.wiki
SNAP EBT Redemption Retailer Payment Continuity	Domain_Auto_snap_ebt_redemption_retailer_payment_continuity.wiki
SNAP Eligibility Recertification ABAWD Continuity	Domain_Auto_snap_eligibility_recertification_abawd_continuity.wiki
Snow Ice Sidewalk Winter Access Continuity	Domain_Auto_snow_ice_sidewalk_winter_access_continuity.wiki
Social Communication Pragmatic Language Continuity	Domain_Auto_social_communication_pragmatic_language_continuity.wiki
Social Connection Relational Infra	Domain_Auto_social_connection_relational_infra.wiki
Social Determinants Community Vulnerability	Domain_Auto_social_determinants_community_vulnerability.wiki
Social Prescribing Community Referral Continuity	Domain_Auto_social_prescribing_community_referral_continuity.wiki
Social Protection Benefits Delivery	Domain_Auto_social_protection_benefits_delivery.wiki
Social Security Earnings Benefit Record Continuity	Domain_Auto_social_security_earnings_benefit_record_continuity.wiki
Software Supply Chain Dependency Provenance Continuity	Domain_Auto_software_supply_chain_dependency_provenance_continuity.wiki
Software Update Vulnerability Patch Continuity	Domain_Auto_software_update_vulnerability_patch_continuity.wiki
Soil Health Land Degradation Drought Resilience	Domain_Auto_soil_health_land_degradation_drought_resilience.wiki
Space Extreme Habitation	Domain_Auto_space_extreme_habitation.wiki
Space Weather and Geomagnetic Storm Resilience	Domain_Auto_space_weather_geomagnetic_storm_resilience.wiki
Special Diet Allergy School Meal Accommodation Continuity	Domain_Auto_special_diet_allergy_school_meal_accommodation_continuity.wiki
Special Education IEP 504 Accommodation Continuity	Domain_Auto_special_education_iep_504_accommodation_continuity.wiki
Specialist Referral Authorization Navigation Continuity	Domain_Auto_specialist_referral_authorization_navigation_continuity.wiki
Speech Language Communication Continuity	Domain_Auto_speech_language_communication_continuity.wiki
Speech Sound Disorder Articulation Phonology Continuity	Domain_Auto_speech_sound_disorder_articulation_phonology_continuity.wiki
Spinal Cord Injury Paralysis Secondary Complications Continuity	Domain_Auto_spinal_cord_injury_paralysis_secondary_complications_continuity.wiki
Spinal Muscular Atrophy Motor Neuron Continuity	Domain_Auto_spinal_muscular_atrophy_motor_neuron_continuity.wiki
Spiritual Care Religious Practice Continuity	Domain_Auto_spiritual_care_religious_practice_continuity.wiki
Sports Concussion Return To Play Protocol Continuity	Domain_Auto_sports_concussion_return_to_play_protocol_continuity.wiki
SSI SSDI Disability Review Appeal Continuity	Domain_Auto_ssi_ssdi_disability_review_appeal_continuity.wiki
Stairs Steps Handrail Threshold Fall Safety Continuity	Domain_Auto_stairs_steps_handrail_threshold_fall_safety_continuity.wiki
stalking-harassment-protection-order-continuity	Domain_Auto_stalking_harassment_protection_order_continuity.wiki
Standards Metrology Quality Infrastructure	Domain_Auto_standards_metrology_quality_infrastructure.wiki
Sterilization Disinfection Infection Control	Domain_Auto_sterilization_disinfection_infection_control.wiki
Storm Drain Catch Basin Local Flooding Continuity	Domain_Auto_storm_drain_catch_basin_local_flooding_continuity.wiki
Street Tree Branch Hazard Shade Maintenance Continuity	Domain_Auto_street_tree_branch_hazard_shade_maintenance_continuity.wiki
Streetlight Outage Nighttime Visibility Continuity	Domain_Auto_streetlight_outage_nighttime_visibility_continuity.wiki
Student Financial Aid Grant Scholarship Continuity	Domain_Auto_student_financial_aid_grant_scholarship_continuity.wiki
学生贷款服务、还款与减免连续性	Domain_Auto_student_loan_servicing_repayment_forgiveness_continuity.wiki
Stuttering Fluency Participation Continuity	Domain_Auto_stuttering_fluency_participation_continuity.wiki
Substance Exposure Control	Domain_Auto_substance_exposure_control.wiki
Substance Use Treatment Recovery Continuity	Domain_Auto_substance_use_treatment_recovery_continuity.wiki
Sudden Hearing Loss Urgent Referral Continuity	Domain_Auto_sudden_hearing_loss_urgent_referral_continuity.wiki
Suicide Crisis Response Continuity	Domain_Auto_suicide_crisis_response_continuity.wiki
Summer EBT / SUN Bucks School Break Food Continuity	Domain_Auto_summer_ebt_sun_bucks_school_break_food_continuity.wiki
Summer Food Service Program Site Access Continuity	Domain_Auto_summer_food_service_program_site_access_continuity.wiki
Supply Chain Continuity	Domain_Auto_supply_chain_continuity.wiki
Superhuman Intelligence Threshold	Domain_Auto_superhuman_intelligence_threshold.wiki
Supported Decision Making Guardianship Rights	Domain_Auto_supported_decision_making_guardianship_rights.wiki
Surgical Anesthesia Perioperative Safety	Domain_Auto_surgical_anesthesia_perioperative_safety.wiki
Surgical Wound, Dehiscence and Surgical Site Infection Continuity	Domain_Auto_surgical_wound_dehiscence_ssi_continuity.wiki
Surprise Billing Balance Bill Protection Continuity	Domain_Auto_surprise_billing_balance_bill_protection_continuity.wiki
Survivor Benefits Death Notification Continuity	Domain_Auto_survivor_benefits_death_notification_continuity.wiki
survivor-safe-housing-emergency-transfer-continuity	Domain_Auto_survivor_safe_housing_emergency_transfer_continuity.wiki
Swallowing Dysphagia Aspiration Nutrition	Domain_Auto_swallowing_dysphagia_aspiration_nutrition.wiki
Synthetic Biology Biosecurity	Domain_Auto_synthetic_biology_biosecurity.wiki
Synthetic Data Generation Validation Continuity	Domain_Auto_synthetic_data_generation_validation_continuity.wiki
Synthetic Media Watermarking Disclosure Continuity	Domain_Auto_synthetic_media_watermarking_disclosure_continuity.wiki
Systematic Review Protocol, Search and Screening Continuity	Domain_Auto_systematic_review_protocol_search_screening_continuity.wiki
TANF Cash Assistance Work Support Continuity	Domain_Auto_tanf_cash_assistance_work_support_continuity.wiki
Tax Administration Filing Record Continuity	Domain_Auto_tax_administration_filing_record_continuity.wiki
Taxi Rideshare Demand Response Mobility Continuity	Domain_Auto_taxi_rideshare_demand_response_mobility_continuity.wiki
Technology Foresight Horizon Scanning	Domain_Auto_technology_foresight_horizon_scanning.wiki
Telecommunications Network Resilience Continuity	Domain_Auto_telecommunications_network_resilience_continuity.wiki
Telehealth Remote Monitoring Access	Domain_Auto_telehealth_remote_monitoring_access.wiki
Temporomandibular Orofacial Pain Jaw Function Continuity	Domain_Auto_temporomandibular_orofacial_pain_jaw_function_continuity.wiki
Tenant Screening Rental Access Continuity	Domain_Auto_tenant_screening_rental_access_continuity.wiki
Territorial Island Health Infrastructure Access Continuity	Domain_Auto_territorial_island_health_infrastructure_access_continuity.wiki
Texture Modified Diet Thickened Liquid Continuity	Domain_Auto_texture_modified_diet_thickened_liquid_continuity.wiki
Thermal Homeostasis Resilience	Domain_Auto_thermal_homeostasis_resilience.wiki
Thermal Stress Sauna Cold Exposure Hormesis Governance Continuity	Domain_Auto_thermal_stress_sauna_cold_exposure_hormesis_governance_continuity.wiki
Thermostat Temperature Control Thermal Comfort Continuity	Domain_Auto_thermostat_temperature_control_thermal_comfort_continuity.wiki
Third Party Reproduction Surrogacy Donor Legal Ethics Continuity	Domain_Auto_third_party_reproduction_surrogacy_donor_legal_ethics_continuity.wiki
Third Place Belonging Social Participation Continuity	Domain_Auto_third_place_belonging_social_participation_continuity.wiki
Thunderstorm Lightning Outdoor Safety Continuity	Domain_Auto_thunderstorm_lightning_outdoor_safety_continuity.wiki
Thymic Involution Naive T Cell Output Continuity	Domain_Auto_thymic_involution_naive_t_cell_output_continuity.wiki
Thyroid Disease Endocrine Function Continuity	Domain_Auto_thyroid_disease_endocrine_function_continuity.wiki
Tick Bite Lyme Rickettsial Prevention Continuity	Domain_Auto_tick_bite_lyme_rickettsial_prevention_continuity.wiki
Time Allocation Effective Time	Domain_Auto_time_allocation_effective_time.wiki
Tinnitus Sound Tolerance Sleep Continuity	Domain_Auto_tinnitus_sound_tolerance_sleep_continuity.wiki
Tobacco Nicotine Cessation Continuity	Domain_Auto_tobacco_nicotine_cessation_continuity.wiki
Tooth Loss Prosthodontic Chewing Continuity	Domain_Auto_tooth_loss_prosthodontic_chewing_continuity.wiki
Tornado Warning Safe Room Shelter Continuity	Domain_Auto_tornado_warning_safe_room_shelter_continuity.wiki
Toxic Mushroom Foraging Poisoning Continuity	Domain_Auto_toxic_mushroom_foraging_poisoning_continuity.wiki
Toxic Plume Air Monitoring Risk Communication Continuity	Domain_Auto_toxic_plume_air_monitoring_risk_communication_continuity.wiki
Toy Small Parts Choking Ingestion Continuity	Domain_Auto_toy_small_parts_choking_ingestion_continuity.wiki
Trademark Brand Identity Rights Continuity	Domain_Auto_trademark_brand_identity_rights_continuity.wiki
Transfusion Blood Management Hemorrhage Continuity	Domain_Auto_transfusion_blood_management_hemorrhage_continuity.wiki
Transit Fare Payment Toll Account Continuity	Domain_Auto_transit_fare_payment_toll_account_continuity.wiki
Transition Age Youth Mental Health Service Continuity	Domain_Auto_transition_age_youth_mental_health_service_continuity.wiki
Transportation Access Mobility	Domain_Auto_transportation_access_mobility.wiki
Trauma PTSD Adversity Recovery Continuity	Domain_Auto_trauma_ptsd_adversity_recovery_continuity.wiki
Trauma System Hemorrhage Control Continuity	Domain_Auto_trauma_system_hemorrhage_control_continuity.wiki
Traumatic Brain Injury Neurotrauma Recovery	Domain_Auto_traumatic_brain_injury_neurotrauma_recovery.wiki
旅行警示与领事协助连续性	Domain_Auto_travel_advisory_consular_assistance_continuity.wiki
旅行健康准备连续性	Domain_Auto_travel_health_preparedness_continuity.wiki
旅行保险、行程保障与理赔连续性	Domain_Auto_travel_insurance_trip_protection_claims_continuity.wiki
Trenching Excavation Cave-In Worker Continuity	Domain_Auto_trenching_excavation_cave_in_worker_continuity.wiki
Tribal Health Sovereignty Service Access Continuity	Domain_Auto_tribal_health_sovereignty_service_access_continuity.wiki
Trust Estate Affairs Succession Continuity	Domain_Auto_trust_estate_affairs_succession_continuity.wiki
Trustworthy Scientific Communication Peer Review	Domain_Auto_trustworthy_scientific_communication_peer_review.wiki
Tsunami Warning and Coastal Evacuation Continuity	Domain_Auto_tsunami_warning_coastal_evacuation_continuity.wiki
Ubiquitin Proteasome Protein Turnover Continuity	Domain_Auto_ubiquitin_proteasome_protein_turnover_continuity.wiki
Uncertainty Quantification Model Calibration	Domain_Auto_uncertainty_quantification_model_calibration.wiki
Undersea Cable Internet Backbone Continuity	Domain_Auto_undersea_cable_internet_backbone_continuity.wiki
Unemployment Insurance Claim Appeal Identity Continuity	Domain_Auto_unemployment_insurance_claim_appeal_identity_continuity.wiki
Unemployment Insurance Wage Record Continuity	Domain_Auto_unemployment_insurance_wage_record_continuity.wiki
Unused Medicine Takeback Disposal Continuity	Domain_Auto_unused_medicine_takeback_disposal_continuity.wiki
Urban Planning Land Use Zoning Resilience	Domain_Auto_urban_planning_land_use_zoning_resilience.wiki
Urinary Diversion, Urostomy and Supplies Continuity	Domain_Auto_urinary_diversion_urostomy_supplies_continuity.wiki
Urinary Retention and Bladder Emptying Continuity	Domain_Auto_urinary_retention_bladder_emptying_continuity.wiki
Urinary Tract Infection, Pyelonephritis and Urosepsis Continuity	Domain_Auto_urinary_tract_infection_pyelonephritis_urosepsis_continuity.wiki
Urogenital Continuity	Domain_Auto_urogenital_continuity.wiki
Uterine Fibroids Bleeding Anemia Fertility Continuity	Domain_Auto_uterine_fibroids_bleeding_anemia_fertility_continuity.wiki
Utility Affordability Shutoff Protection Continuity	Domain_Auto_utility_affordability_shutoff_protection_continuity.wiki
Vaccination Campaign Booster Delivery Continuity	Domain_Auto_vaccination_campaign_booster_delivery_continuity.wiki
Vector Borne Disease Environmental Control	Domain_Auto_vector_borne_disease_environmental_control.wiki
Venomous Bites Stings Envenomation Continuity	Domain_Auto_venomous_bites_stings_envenomation_continuity.wiki
Venous Thromboembolism Pulmonary Embolism Continuity	Domain_Auto_venous_thromboembolism_pulmonary_embolism_continuity.wiki
Verifiable Credential Wallet Interoperability	Domain_Auto_verifiable_credential_wallet_interoperability.wiki
Vestibular Balance Spatial Orientation	Domain_Auto_vestibular_balance_spatial_orientation.wiki
Vestibular Migraine Dizziness Sensory Load Continuity	Domain_Auto_vestibular_migraine_dizziness_sensory_load_continuity.wiki
Vestibular Neuritis Labyrinthitis Acute Vertigo Continuity	Domain_Auto_vestibular_neuritis_labyrinthitis_acute_vertigo_continuity.wiki
Vestibular Ototoxicity Medication Chemical Risk Continuity	Domain_Auto_vestibular_ototoxicity_medication_chemical_risk_continuity.wiki
Vestibular Rehabilitation Balance Compensation Continuity	Domain_Auto_vestibular_rehabilitation_balance_compensation_continuity.wiki
Veterans Health Benefits Navigation Continuity	Domain_Auto_veterans_health_benefits_navigation_continuity.wiki
Veterinary Care Access Cost Continuity	Domain_Auto_veterinary_care_access_cost_continuity.wiki
victim-witness-rights-notification-continuity	Domain_Auto_victim_witness_rights_notification_continuity.wiki
Vision Eye Health Continuity	Domain_Auto_vision_eye_health_continuity.wiki
生命事件与核心民事记录连续性	Domain_Auto_vital_records_life_event_continuity.wiki
Voice Call Caller ID Authentication Continuity	Domain_Auto_voice_call_caller_id_authentication_continuity.wiki
Voice Disorders Phonation Communication Continuity	Domain_Auto_voice_disorders_phonation_communication_continuity.wiki
Volcanic Ashfall and Geohazard Continuity	Domain_Auto_volcanic_ashfall_geohazard_continuity.wiki
Volunteering Civic Service Participation Continuity	Domain_Auto_volunteering_civic_service_participation_continuity.wiki
Vulvovaginal Pain Infection Sexual Function Continuity	Domain_Auto_vulvovaginal_pain_infection_sexual_function_continuity.wiki
Walker Cane Crutch Fit Maintenance Continuity	Domain_Auto_walker_cane_crutch_fit_maintenance_continuity.wiki
Walking Bicycling Micromobility Continuity	Domain_Auto_walking_bicycling_micromobility_continuity.wiki
Waste Management Hazardous Materials Continuity	Domain_Auto_waste_management_hazardous_materials_continuity.wiki
Wastewater Pathogen Surveillance Early Warning Continuity	Domain_Auto_wastewater_pathogen_surveillance_early_warning_continuity.wiki
Water Resources Hydrology Flood Drought Management	Domain_Auto_water_resources_hydrology_flood_drought_management.wiki
Water Sanitation Hygiene Continuity	Domain_Auto_water_sanitation_hygiene_continuity.wiki
Water Wastewater Utility Service Continuity	Domain_Auto_water_wastewater_utility_service_continuity.wiki
Wearables Continuous Sensing Personal Informatics	Domain_Auto_wearables_continuous_sensing_personal_informatics.wiki
Weather Climate Observation Forecasting	Domain_Auto_weather_climate_observation_forecasting.wiki
Weatherization Insulation Air Sealing Thermal Envelope Continuity	Domain_Auto_weatherization_insulation_air_sealing_thermal_envelope_continuity.wiki
Welding Cutting Brazing Fume Fire Continuity	Domain_Auto_welding_cutting_brazing_fume_fire_continuity.wiki
Well Child Visit Preventive Care Continuity	Domain_Auto_well_child_visit_preventive_care_continuity.wiki
Wheelchair Scooter Battery Repair Access Continuity	Domain_Auto_wheelchair_scooter_battery_repair_access_continuity.wiki
WIC Benefit Redemption Infant Maternal Nutrition Continuity	Domain_Auto_wic_benefit_redemption_infant_maternal_nutrition_continuity.wiki
Wildfire Landscape Fire Resilience	Domain_Auto_wildfire_landscape_fire_resilience.wiki
Wildfire Smoke Clean Air Respiratory Continuity	Domain_Auto_wildfire_smoke_clean_air_respiratory_continuity.wiki
Window Covering Cord Strangulation Child Safety Continuity	Domain_Auto_window_covering_cord_strangulation_child_safety_continuity.wiki
Winter Storm Cold Exposure Power Continuity	Domain_Auto_winter_storm_cold_exposure_power_continuity.wiki
Workers Compensation Occupational Injury Benefit Continuity	Domain_Auto_workers_compensation_occupational_injury_benefit_continuity.wiki
Workforce Employment Services	Domain_Auto_workforce_employment_services.wiki
工作场所合理便利与复工连续性	Domain_Auto_workplace_accommodation_return_to_work_continuity.wiki
Workplace Fall Protection Height Safety Continuity	Domain_Auto_workplace_fall_protection_height_safety_continuity.wiki
Wound Infection, Cellulitis and Sepsis Continuity	Domain_Auto_wound_infection_cellulitis_sepsis_continuity.wiki
Xerostomia Salivary Function Oral Medication Continuity	Domain_Auto_xerostomia_salivary_function_oral_medication_continuity.wiki
Youth Online Safety By Design Platform Governance Continuity	Domain_Auto_youth_online_safety_by_design_platform_governance_continuity.wiki
Youth Social Media Mental Health Continuity	Domain_Auto_youth_social_media_mental_health_continuity.wiki
《吉尔伽美什史诗》	Fiction_001.wiki
《科学怪人》	Fiction_002.wiki
《美丽新世界》	Fiction_003.wiki
《仿生人会梦见电子羊吗？》	Fiction_004.wiki
《2001太空漫游》	Fiction_005.wiki
《沙丘》	Fiction_006.wiki
《神经漫游者》	Fiction_007.wiki
《攻壳机动队》	Fiction_008.wiki
《副本》	Fiction_009.wiki
《黑镜：圣朱尼佩洛》	Fiction_010.wiki
《上传新生》	Fiction_011.wiki
《太空堡垒卡拉狄加》	Fiction_012.wiki
《加速》	Fiction_013.wiki
《奇点天空》	Fiction_014.wiki
提托诺斯神话	Fiction_015.wiki
《道林·格雷的画像》	Fiction_016.wiki
《玛士撒拉之子》	Fiction_017.wiki
《城市与群星》	Fiction_018.wiki
《尤比克》	Fiction_019.wiki
“文化”系列	Fiction_020.wiki
《海伯利安》	Fiction_021.wiki
《排列之城》	Fiction_022.wiki
《散居》	Fiction_023.wiki
《黑客帝国》	Fiction_024.wiki
《超验骇客》	Fiction_025.wiki
《西部世界》	Fiction_026.wiki
《SOMA》	Fiction_027.wiki
《赛博朋克2077》	Fiction_028.wiki
《万神殿》	Fiction_029.wiki
《三体》	Fiction_030.wiki
